StartDate,EndDate,Status,IPAddress,Progress,Duration (in seconds),Finished,RecordedDate,ResponseId,RecipientLastName,RecipientFirstName,RecipientEmail,ExternalReference,LocationLatitude,LocationLongitude,DistributionChannel,UserLanguage,Consent,Q1,Q2,Q3,Q4?Power Distance_1,Q4?Power Distance_2,Q4?Power Distance_3,Q4?Power Distance_4,Q4?Power Distance_5,Q5_1,Q5_2,Q5_3,Q5_4,Q5_5,Q6?Collectivism_1,Q6?Collectivism_2,Q6?Collectivism_3,Q6?Collectivism_4,Q6?Collectivism_5,Q6?Collectivism_6,Q8?Masculinity_1,Q8?Masculinity_2,Q8?Masculinity_3,Q8?Masculinity_4,Q8?Masculinity_5,Q7 Long-term_1,Q7 Long-term_2,Q7 Long-term_3,Q7 Long-term_4,Q7 Long-term_5,Q7 Long-term_6,Q9?Indulgence_1,Q9?Indulgence_2,Q9?Indulgence_3,Q9?Indulgence_4,Q9?Indulgence_5,Q9?Indulgence_6,Q10 IBB_1,Q10 IBB_2,Q10 IBB_3,Q10 IBB_4,Q10 IBB_5,Q11 IBB_1,Q11 IBB_2,Q11 IBB_3,Q11 IBB_4,Q12 CBB-1_1,Q12 CBB-1_2,Q12 CBB-1_3,Q12 CBB-1_4,Q12 CBB-1_5,Q12 CBB-1_6,Q14 CBB-2_1,Q14 CBB-2_2,Q14 CBB-2_3,Q14 CBB-2_4,Q14 CBB-2_5,Q15 CBB-3_1,Q15 CBB-3_2,Q15 CBB-3_3,Q15 CBB-3_4,Q15 CBB-3_5,Q16,Q17,Q18,Q19,Q20,Q21,Q23
10/26/2022 12:06,10/26/2022 12:09,0,50.236.74.82,100,183,1,10/26/2022 12:09,R_2QS5kgVamlHwLR9,,,,,42.5713,-83.7486,anonymous,EN,1,1,1,4,3,1,1,2,2,7,7,7,7,7,1,1,4,4,4,1,1,1,3,1,1,7,6,7,6,6,4,3,6,5,4,5,5,1,1,1,1,1,1,1,7,1,1,1,1,1,1,1,1,1,1,1,1,1,1,1,1,1,1,5,11,1,2,5,
10/26/2022 12:07,10/26/2022 12:10,0,174.84.79.207,100,182,1,10/26/2022 12:10,R_wMZJZ4qGgn2YWlz,,,,,42.9468,-83.817,anonymous,EN,1,1,2,3,2,2,2,4,2,5,5,4,6,6,2,2,1,1,3,2,2,2,3,2,4,6,5,6,5,5,6,2,2,1,1,1,2,5,4,5,3,3,6,4,5,4,2,6,2,2,5,4,2,5,6,2,4,5,2,2,6,2,1,5,8,1,2,4,
10/26/2022 12:06,10/26/2022 12:11,0,98.28.81.34,100,292,1,10/26/2022 12:11,R_1Lu1ET13jK62VlD,,,,,41.4732,-84.5594,anonymous,EN,1,1,2,5,2,2,2,2,2,5,5,5,5,5,2,3,4,2,4,2,1,1,3,1,2,6,6,6,6,5,6,4,5,5,5,3,4,2,2,1,1,1,6,2,6,2,1,3,3,2,6,3,3,2,2,5,3,2,2,2,2,1,1,5,2,2,2,5,
10/26/2022 12:06,10/26/2022 12:12,0,24.91.180.31,100,305,1,10/26/2022 12:12,R_r8sFEW6tBJfHYfT,,,,,42.069,-72.676,anonymous,EN,1,1,2,3,1,1,1,1,1,5,6,6,5,6,4,4,4,4,4,4,1,1,3,1,1,7,6,6,7,5,7,7,7,7,7,7,7,1,1,1,1,1,5,1,7,1,1,1,1,1,7,1,1,1,1,6,1,1,1,2,2,1,1,6,2,1,2,5,
10/26/2022 12:07,10/26/2022 12:12,0,98.127.137.72,100,302,1,10/26/2022 12:12,R_24uuzUzgJJC9sWw,,,,,46.6099,-112.0244,anonymous,EN,1,1,1,4,5,4,3,1,2,6,6,6,6,6,3,2,3,3,2,1,5,4,3,4,5,7,5,4,5,4,4,2,1,4,2,2,1,1,1,1,1,1,5,1,7,1,1,2,1,1,1,1,1,1,1,1,7,7,1,1,1,1,1,3,1,5,5,2,
10/26/2022 12:06,10/26/2022 12:12,0,73.161.247.123,100,356,1,10/26/2022 12:12,R_33sdcv2PqF3gwx4,,,,,42.6449,-83.4036,anonymous,EN,1,1,1,5,5,3,2,1,3,5,5,6,6,6,4,3,5,5,4,5,1,2,3,2,3,6,4,6,5,4,6,3,5,4,3,5,5,3,2,2,2,2,3,2,5,3,2,2,2,2,5,3,2,2,2,4,2,2,2,1,1,2,1,5,2,2,2,5,
10/26/2022 12:09,10/26/2022 12:13,0,74.134.168.193,100,231,1,10/26/2022 12:13,R_1QGY8a8Ozctd1hU,,,,,42.0753,-80.0671,anonymous,EN,1,1,1,2,2,1,1,1,2,5,6,6,6,7,6,6,7,5,6,7,1,4,3,4,2,7,6,6,7,5,7,7,6,6,5,3,3,2,1,1,2,1,3,2,6,2,1,2,2,2,5,2,1,2,1,4,5,1,1,3,2,1,1,5,5,1,2,3,
10/26/2022 12:07,10/26/2022 12:13,0,76.120.190.164,100,350,1,10/26/2022 12:13,R_6rRv7WpoTgZ0mn7,,,,,40.1678,-80.2591,anonymous,EN,1,1,1,5,2,1,1,1,1,5,6,6,6,6,3,3,3,3,3,3,1,1,3,1,2,6,4,6,6,5,6,3,3,6,2,6,5,2,2,2,2,2,3,2,6,2,2,2,2,2,3,2,2,2,2,2,6,6,1,2,2,2,1,4,2,1,2,5,
10/26/2022 12:07,10/26/2022 12:13,0,68.11.179.32,100,327,1,10/26/2022 12:13,R_1FtEMeerT3C97kK,,,,,30.1012,-92.0112,anonymous,EN,1,1,1,3,2,2,2,2,2,5,5,6,6,6,2,2,4,2,2,2,1,2,3,2,2,6,2,4,5,2,2,6,7,7,6,7,6,2,2,2,2,2,3,2,6,2,1,1,2,2,2,2,1,1,1,1,4,4,2,2,2,2,1,3,2,5,2,5,
10/26/2022 12:10,10/26/2022 12:13,0,72.132.49.4,100,176,1,10/26/2022 12:13,R_ys6sEv2J76u6Lzr,,,,,33.7237,-116.3803,anonymous,EN,1,1,1,4,5,5,4,5,6,6,6,6,7,7,2,2,1,1,2,2,2,4,3,2,5,7,7,7,7,5,7,5,5,6,6,7,7,2,2,2,2,2,2,2,7,2,1,1,1,2,5,1,2,2,1,2,4,2,2,3,2,1,1,6,10,1,2,4,
10/26/2022 12:09,10/26/2022 12:13,0,207.44.32.7,100,283,1,10/26/2022 12:13,R_2EzXKx2bJkfAaw1,,,,,40.7962,-76.4226,anonymous,EN,1,1,2,4,5,6,3,4,4,5,6,5,6,6,4,5,5,6,4,4,4,5,3,4,3,6,4,5,6,5,6,5,6,4,4,4,2,2,3,3,3,3,3,3,5,3,2,3,3,3,4,3,3,2,3,3,5,5,3,3,2,3,1,4,5,1,2,3,
10/26/2022 12:09,10/26/2022 12:14,0,76.227.12.50,100,286,1,10/26/2022 12:14,R_2wRbFUyyQT8x7R4,,,,,42.1124,-87.979,anonymous,EN,1,1,2,3,2,1,1,2,2,6,6,7,6,6,2,4,2,2,1,2,6,4,3,4,2,6,6,7,6,2,6,6,6,7,4,2,2,2,4,2,4,2,6,2,6,4,2,6,4,7,7,6,2,2,2,6,6,4,2,2,2,4,1,4,4,2,2,4,
10/26/2022 12:06,10/26/2022 12:14,0,68.118.158.89,100,492,1,10/26/2022 12:14,R_2Qs6di5qFnOnCZd,,,,,45.7659,-87.089,anonymous,EN,1,1,2,3,1,1,1,1,1,5,4,5,5,6,4,4,6,6,4,4,1,1,3,1,1,6,4,4,5,4,4,2,4,3,4,4,4,5,2,2,1,2,5,3,4,4,2,6,2,4,6,1,2,1,2,3,4,5,2,2,2,1,1,4,2,2,5,5,
10/26/2022 12:11,10/26/2022 12:14,0,68.9.90.91,100,208,1,10/26/2022 12:14,R_Y5go1hsWE2os30l,,,,,41.9609,-72.7957,anonymous,EN,1,1,1,3,5,6,2,3,5,3,2,2,5,4,5,5,6,6,5,6,2,3,3,5,6,7,6,7,5,6,6,5,4,4,2,3,4,2,1,1,1,1,2,3,6,1,1,2,1,1,3,1,1,1,1,2,4,4,2,1,1,1,1,3,7,1,3,3,
10/26/2022 12:06,10/26/2022 12:15,0,136.226.2.109,100,500,1,10/26/2022 12:15,R_3GeLXTV4pQwU0A8,,,,,33.9349,-84.3922,anonymous,EN,1,1,1,2,3,2,1,1,1,5,2,4,5,5,6,5,2,6,6,5,6,4,3,2,5,5,6,2,6,5,5,6,4,3,2,3,4,2,6,5,3,4,6,3,5,3,6,3,6,6,5,3,5,4,1,5,2,1,1,3,4,3,1,5,6,1,1,1,
10/26/2022 12:10,10/26/2022 12:15,0,24.8.194.137,100,307,1,10/26/2022 12:15,R_r7IhyHvl4mFLbix,,,,,39.6219,-105.0864,anonymous,EN,1,1,2,3,3,4,1,2,2,6,6,6,6,6,4,4,4,4,3,3,1,2,3,2,1,6,4,6,5,4,5,3,3,3,4,2,4,2,2,2,1,1,2,2,6,2,1,1,1,1,1,1,1,1,1,1,1,1,1,1,1,1,1,5,6,2,5,3,
10/26/2022 12:10,10/26/2022 12:15,0,217.180.216.127,100,338,1,10/26/2022 12:15,R_30osLIcI7Pv4593,,,,,42.9656,-85.65,anonymous,EN,1,1,2,2,1,1,1,2,2,7,6,6,6,6,3,4,5,5,6,3,2,3,3,5,2,6,4,6,6,6,6,5,6,5,4,4,4,6,3,5,4,3,6,5,3,4,2,3,5,2,6,3,5,3,5,5,2,5,2,2,5,2,1,4,10,1,2,5,
10/26/2022 12:07,10/26/2022 12:16,0,45.24.66.214,100,491,1,10/26/2022 12:16,R_2VaQe2PNz5FmxMZ,,,,,32.7691,-96.6053,anonymous,EN,1,1,1,2,6,7,6,6,6,6,6,7,6,6,5,6,5,6,6,6,6,7,3,6,6,6,5,6,5,6,6,2,2,2,1,2,2,2,1,2,2,2,2,3,6,2,2,2,1,2,3,2,2,2,2,3,5,5,4,3,2,2,1,5,3,1,1,2,
10/26/2022 12:06,10/26/2022 12:16,0,66.91.210.148,100,550,1,10/26/2022 12:16,R_3k5oYfZ1yUM5GnO,,,,,21.2817,-157.825,anonymous,EN,1,1,2,3,1,1,1,1,1,2,4,5,4,5,6,4,5,5,6,4,1,1,3,1,1,6,4,6,7,5,6,6,5,4,5,4,4,3,2,2,2,2,4,3,6,2,1,1,1,1,5,2,1,1,1,1,1,1,1,1,1,1,1,5,5,1,2,4,
10/26/2022 12:11,10/26/2022 12:16,0,47.208.75.161,100,262,1,10/26/2022 12:16,R_Oqm8ieIM4Q5KyHL,,,,,40.7977,-124.1565,anonymous,EN,1,1,1,4,5,3,1,5,1,6,6,6,6,6,5,6,6,6,5,6,1,1,3,1,5,7,5,7,7,7,7,7,7,7,1,7,7,1,1,1,1,1,1,1,7,1,1,1,1,1,1,1,1,1,1,1,1,1,1,1,1,1,1,5,8,1,2,4,
10/26/2022 12:12,10/26/2022 12:16,0,204.111.129.89,100,203,1,10/26/2022 12:16,R_273AFb9NWu9WgWF,,,,,37.3053,-79.9252,anonymous,EN,1,1,1,2,1,1,1,1,1,4,5,5,6,6,5,5,6,6,5,5,1,1,3,1,1,7,6,7,7,7,7,7,6,7,5,6,7,1,1,1,1,1,1,1,7,1,1,1,1,1,1,1,1,1,1,1,1,1,1,1,1,1,1,4,2,1,2,5,
10/26/2022 12:08,10/26/2022 12:16,0,72.29.60.94,100,498,1,10/26/2022 12:16,R_1OwxNJ3zayBBYYt,,,,,34.8059,-85.7063,anonymous,EN,1,1,2,5,3,3,3,5,3,7,7,7,7,7,5,5,5,5,5,5,3,3,3,3,3,7,7,7,7,5,7,5,5,5,5,5,5,3,2,2,2,2,7,2,5,3,2,2,2,2,6,2,2,2,2,2,2,2,2,2,2,2,1,4,5,2,1,2,
10/26/2022 12:06,10/26/2022 12:16,0,73.189.186.35,100,606,1,10/26/2022 12:16,R_1o6ZbGNmIlZ2NAr,,,,,37.3372,-121.798,anonymous,EN,1,1,1,3,1,1,1,1,1,2,4,4,6,5,7,7,7,7,6,5,1,1,3,1,5,7,7,6,7,7,7,7,6,6,3,4,4,5,2,2,1,2,6,3,5,2,1,1,1,1,7,1,1,1,1,2,5,1,1,1,1,1,6,5,11,1,3,5,
10/26/2022 12:08,10/26/2022 12:16,0,75.167.29.247,100,533,1,10/26/2022 12:16,R_1LoOx51YXtfC2ZX,,,,,33.5132,-112.083,anonymous,EN,1,1,1,3,4,4,4,3,5,5,4,4,5,5,3,2,3,4,3,4,6,4,3,5,7,7,6,7,7,6,7,5,3,3,3,2,2,1,1,1,1,1,1,1,7,1,1,1,1,1,2,3,2,2,1,1,1,2,1,1,1,1,1,5,4,1,1,1,
10/26/2022 12:11,10/26/2022 12:17,0,73.29.253.19,100,347,1,10/26/2022 12:17,R_2sSyg02O0LEsUnX,,,,,39.9564,-74.5666,anonymous,EN,1,1,2,3,2,2,1,1,2,6,6,6,7,7,5,5,5,6,4,5,2,1,3,2,6,7,7,7,7,7,7,1,1,1,1,1,2,2,1,1,1,1,1,2,6,1,1,1,1,1,5,1,2,5,2,3,6,3,1,3,3,2,1,4,6,1,3,3,
10/26/2022 12:15,10/26/2022 12:17,0,72.2.254.83,100,82,1,10/26/2022 12:17,R_1OCbvrayWSTrPYs,,,,,37.8764,-86.3008,anonymous,EN,1,1,1,2,5,7,2,7,3,3,4,5,4,2,5,7,2,7,3,5,3,5,3,4,1,5,7,2,7,3,5,2,3,3,2,6,6,4,2,5,7,1,2,2,4,4,4,3,7,1,1,5,4,7,2,7,3,7,5,6,6,7,1,3,3,1,2,5,
10/26/2022 12:10,10/26/2022 12:17,0,68.63.20.185,100,433,1,10/26/2022 12:17,R_D2zZO6ccod9eRhf,,,,,30.4908,-84.3158,anonymous,EN,1,1,1,3,1,1,1,1,1,2,2,2,5,2,7,6,7,7,6,6,1,1,3,1,1,6,4,4,5,5,5,2,4,3,2,3,4,2,1,1,1,1,3,2,6,3,1,1,1,2,2,1,1,1,1,1,6,6,1,2,1,1,1,5,4,1,2,5,
10/26/2022 12:08,10/26/2022 12:17,0,73.66.2.36,100,519,1,10/26/2022 12:17,R_vlifdysfizIFAbL,,,,,38.0296,-121.346,anonymous,EN,1,1,1,4,3,5,3,4,3,6,6,7,6,6,5,5,6,6,4,5,3,3,3,5,5,7,6,6,6,5,6,5,5,3,3,4,4,3,2,3,2,2,5,3,6,3,2,2,2,3,5,2,3,2,2,5,5,5,3,2,3,5,2,4,8,2,2,4,
10/26/2022 12:12,10/26/2022 12:17,0,45.51.118.60,100,274,1,10/26/2022 12:17,R_Urx2j22WrkWIJCp,,,,,34.1867,-118.3878,anonymous,EN,1,1,2,5,3,2,2,2,2,4,4,5,5,5,3,4,3,3,3,3,2,4,3,4,4,6,5,5,5,4,4,6,5,5,4,2,2,2,2,2,2,2,5,4,5,4,3,3,3,3,6,2,2,2,4,5,5,5,2,4,4,6,1,4,2,2,3,4,
10/26/2022 12:12,10/26/2022 12:17,0,158.222.228.176,100,321,1,10/26/2022 12:17,R_3Gw7TdBqzR82s61,,,,,40.6643,-73.9763,anonymous,EN,1,1,1,4,1,1,2,1,2,6,7,7,5,7,7,6,7,7,7,7,1,2,3,1,3,7,6,7,6,6,7,2,4,6,1,3,4,1,1,1,1,1,3,1,7,1,1,2,1,1,4,1,2,1,1,1,4,4,1,2,2,1,1,5,1,1,2,4,
10/26/2022 12:13,10/26/2022 12:18,0,35.136.195.181,100,268,1,10/26/2022 12:18,R_2bTBghPCjohHW78,,,,,28.9284,-82.4921,anonymous,EN,1,1,1,4,3,2,2,3,3,6,6,5,5,6,4,3,3,3,4,4,2,4,3,4,5,6,4,5,5,4,5,6,5,6,4,5,5,3,2,2,2,2,4,3,6,3,2,2,2,2,3,2,3,2,2,5,4,4,3,4,3,4,1,5,2,2,3,3,
10/26/2022 12:11,10/26/2022 12:18,0,24.127.64.117,100,432,1,10/26/2022 12:18,R_06aCDQDpgKHJKQF,,,,,42.5134,-83.0647,anonymous,EN,1,1,2,4,2,3,3,4,2,6,7,6,5,6,3,4,6,5,4,6,1,5,3,4,6,7,3,6,5,2,6,6,5,4,6,2,3,3,2,4,3,2,5,6,4,5,6,4,7,6,4,5,5,6,3,2,5,6,2,5,7,6,1,4,2,1,2,5,
10/26/2022 12:06,10/26/2022 12:18,0,75.184.124.108,100,722,1,10/26/2022 12:18,R_1g5PRy2BvzBq2Bv,,,,,44.5034,-87.9813,anonymous,EN,1,1,2,4,2,2,2,2,2,6,6,6,6,6,5,5,4,5,4,5,1,1,3,1,1,6,4,6,6,5,5,4,5,5,5,4,4,2,2,2,2,2,3,2,6,2,2,3,1,2,4,3,3,2,2,2,4,3,2,1,2,2,1,6,8,1,2,5,
10/26/2022 12:16,10/26/2022 12:19,0,73.130.41.171,100,153,1,10/26/2022 12:19,R_1eyD8iLrf98rIkS,,,,,40.2744,-76.7062,anonymous,EN,1,1,1,4,3,3,1,4,3,6,6,6,7,6,2,4,2,2,1,2,1,5,3,4,5,6,5,5,6,5,6,2,2,2,1,1,1,2,1,2,1,1,1,1,7,1,2,3,2,1,4,2,4,2,3,1,4,2,1,4,5,5,1,3,2,1,2,5,
10/26/2022 12:06,10/26/2022 12:19,0,72.131.85.124,100,794,1,10/26/2022 12:19,R_3q86dASY0iaM6Gn,,,,,42.5606,-87.829,anonymous,EN,1,1,2,3,6,5,1,2,2,2,6,6,5,5,4,6,5,5,3,5,4,4,3,4,6,7,6,6,7,5,7,6,5,3,2,3,3,3,3,2,2,2,6,5,5,2,1,2,1,2,4,1,2,1,1,5,4,4,2,2,2,1,1,5,7,1,3,3,
10/26/2022 12:13,10/26/2022 12:19,0,38.146.78.122,100,345,1,10/26/2022 12:19,R_3HRJ5s25qvUy2cL,,,,,37.3505,-119.6485,anonymous,EN,1,1,2,4,5,5,2,3,3,7,6,6,6,7,3,7,6,6,7,5,4,3,3,2,6,7,5,6,6,5,7,6,4,6,6,7,4,1,2,2,1,1,2,1,6,2,2,1,1,1,6,3,3,2,2,1,4,2,1,1,2,2,1,4,3,2,2,1,
10/26/2022 12:15,10/26/2022 12:20,0,108.39.196.178,100,307,1,10/26/2022 12:20,R_Rm0o2lCwGUtXFPb,,,,,40.3775,-79.9613,anonymous,EN,1,1,1,3,2,2,2,3,2,5,5,5,5,5,2,4,3,4,3,3,2,4,3,3,5,6,6,5,5,5,6,4,2,2,2,2,2,4,4,4,3,4,5,4,3,5,2,4,3,3,5,2,2,2,2,4,5,5,2,4,4,3,1,5,6,1,3,2,
10/26/2022 12:16,10/26/2022 12:20,0,176.113.98.64,100,224,1,10/26/2022 12:20,R_2rSZsP70xeQt8AN,,,,,33.4413,-112.0421,anonymous,EN,1,1,2,3,1,2,2,3,2,3,2,4,7,5,5,6,7,5,5,7,2,3,3,2,5,5,6,7,5,6,7,2,3,2,3,2,3,3,2,3,2,2,3,2,6,3,2,3,2,3,3,2,2,3,2,3,2,5,2,3,2,1,7,4,5,1,3,3,
10/26/2022 12:15,10/26/2022 12:20,0,107.4.50.69,100,310,1,10/26/2022 12:20,R_2E7cP0hJhS0UjLZ,,,,,42.7686,-86.117,anonymous,EN,1,1,2,4,3,3,1,3,3,7,7,7,7,7,4,5,4,4,5,4,5,3,3,3,5,6,5,5,6,5,5,1,1,1,1,1,1,3,3,3,3,3,5,4,5,4,3,2,2,2,5,4,2,3,2,2,6,6,2,3,5,2,1,5,1,5,1,2,
10/26/2022 12:12,10/26/2022 12:20,0,73.214.34.193,100,485,1,10/26/2022 12:20,R_3KNLNjlk3ULqUgM,,,,,40.1071,-80.7261,anonymous,EN,1,1,2,3,6,5,1,1,5,7,5,7,7,6,1,1,1,2,1,1,1,1,3,2,2,7,4,5,5,2,6,7,5,6,6,4,5,2,1,2,1,1,6,2,6,3,1,2,1,1,3,1,1,1,1,1,6,6,1,5,1,2,1,4,4,1,3,3,
10/26/2022 12:15,10/26/2022 12:21,0,75.187.69.219,100,345,1,10/26/2022 12:21,R_2dfMUGAEbxlSQT3,,,,,39.5107,-84.7427,anonymous,EN,1,1,2,3,2,1,4,1,1,5,5,6,6,6,7,7,7,7,6,5,1,1,3,1,1,6,5,6,5,5,6,3,3,4,3,2,2,3,2,2,2,3,3,2,5,2,1,3,2,2,6,3,5,5,5,5,3,2,1,3,6,2,1,5,7,1,2,5,
10/26/2022 12:18,10/26/2022 12:21,0,96.249.154.38,100,186,1,10/26/2022 12:21,R_2bNPgASBrL5673H,,,,,40.275,-76.8039,anonymous,EN,1,1,1,2,5,5,2,5,5,7,7,7,7,7,2,3,2,2,2,3,6,6,3,6,7,7,6,7,7,7,7,3,3,3,2,3,3,1,1,1,1,1,2,2,6,2,2,1,2,1,5,1,1,1,1,1,6,6,1,2,1,1,1,4,3,1,1,2,
10/26/2022 12:11,10/26/2022 12:21,0,73.214.34.193,100,600,1,10/26/2022 12:21,R_1K9WcAAQodxLBCV,,,,,40.1071,-80.7261,anonymous,EN,1,1,1,3,7,5,1,1,6,7,7,5,6,5,1,1,2,1,1,3,5,2,3,7,7,5,5,7,6,2,7,7,7,7,5,6,5,6,5,7,7,7,7,5,1,6,6,7,7,1,5,7,2,3,6,6,1,5,7,6,7,7,1,4,4,1,2,5,
10/26/2022 12:12,10/26/2022 12:21,0,24.38.255.173,100,541,1,10/26/2022 12:21,R_12MzigLcrNkXO1J,,,,,40.6462,-73.9559,anonymous,EN,1,1,1,3,5,2,2,1,3,6,6,7,7,7,3,4,3,4,2,3,6,4,3,3,7,6,6,6,5,5,6,5,5,5,5,4,4,2,3,1,2,2,4,5,6,3,2,5,5,2,6,2,3,2,2,3,2,2,2,2,2,1,7,3,3,2,3,4,
10/26/2022 12:06,10/26/2022 12:21,0,24.61.250.106,100,897,1,10/26/2022 12:21,R_2zBHxJfmiUwUo7M,,,,,41.3723,-72.5749,anonymous,EN,1,1,2,3,6,3,1,4,2,6,5,6,6,6,4,3,3,3,2,4,1,4,3,5,5,6,6,6,7,6,7,4,5,5,4,5,5,2,1,1,2,2,5,2,6,3,1,2,1,2,5,3,2,1,2,5,4,5,1,5,5,5,3,3,5,1,3,2,
10/26/2022 12:11,10/26/2022 12:21,0,198.14.242.152,100,623,1,10/26/2022 12:21,R_qJdUMMcYvQPojmN,,,,,41.0353,-92.7924,anonymous,EN,1,1,2,5,1,1,1,1,1,5,6,7,7,7,5,6,6,6,5,6,1,5,3,3,5,7,6,7,5,4,6,7,6,5,4,3,3,7,7,7,7,7,7,7,1,7,6,7,6,5,5,5,6,5,7,6,5,5,5,6,6,3,1,3,8,1,1,3,
10/26/2022 12:15,10/26/2022 12:21,0,216.78.238.168,100,367,1,10/26/2022 12:21,R_p9mGtZ0A067R8ul,,,,,37.751,-97.822,anonymous,EN,1,1,1,4,5,4,3,3,3,7,7,7,7,7,5,4,5,5,5,4,4,4,3,4,4,7,5,6,7,6,6,3,5,3,3,3,5,3,3,3,3,3,3,3,6,3,3,2,2,3,5,2,5,3,2,5,2,2,3,3,2,2,2,5,6,1,2,4,
10/26/2022 12:20,10/26/2022 12:22,0,74.202.184.21,100,135,1,10/26/2022 12:22,R_25z8iy2KtEAVtNF,,,,,30.2884,-81.6361,anonymous,EN,1,1,1,3,6,6,6,5,6,6,6,5,6,6,6,6,5,6,6,5,6,6,3,6,6,6,6,5,5,6,6,6,6,5,6,6,6,6,6,6,7,6,6,6,6,6,6,6,6,7,6,6,6,6,6,6,7,6,6,7,6,6,1,4,5,1,3,3,
10/26/2022 12:17,10/26/2022 12:22,0,71.80.205.190,100,292,1,10/26/2022 12:22,R_1oC6qYo1RrZuQQ7,,,,,43.227,-123.5158,anonymous,EN,1,1,2,4,2,1,1,1,1,6,6,6,6,6,5,2,5,5,5,3,1,1,3,1,1,6,5,7,5,3,5,3,5,3,3,3,5,1,1,1,1,1,5,3,6,2,1,1,1,1,2,1,1,1,1,1,1,1,1,1,1,1,1,4,2,2,2,5,
10/26/2022 12:19,10/26/2022 12:23,0,98.204.255.222,100,217,1,10/26/2022 12:23,R_31SpSU2AaZH1ph8,,,,,39.6249,-75.8351,anonymous,EN,1,1,1,2,2,3,1,1,3,6,6,7,7,6,5,6,6,7,5,6,2,1,3,1,3,6,3,6,5,3,5,5,6,6,6,3,5,2,3,1,1,2,3,2,7,3,3,2,2,1,5,2,1,1,1,3,6,6,2,1,1,2,1,4,2,1,2,4,
10/26/2022 12:19,10/26/2022 12:23,0,67.141.107.83,100,215,1,10/26/2022 12:23,R_3DqDvkjG9OYwWV7,,,,,41.3722,-82.1087,anonymous,EN,1,1,2,2,2,2,2,2,2,5,6,6,6,6,4,5,5,4,4,4,2,2,3,2,4,6,5,6,6,4,6,4,5,6,4,4,4,2,2,2,2,2,6,4,6,2,2,2,2,5,6,2,2,4,3,5,4,3,2,2,4,2,1,6,7,1,2,4,
10/26/2022 12:15,10/26/2022 12:23,0,172.56.13.202,100,471,1,10/26/2022 12:23,R_3ISqWjbVf8xdvNq,,,,,43.0382,-87.91,anonymous,EN,1,1,1,3,1,2,2,1,4,3,3,6,5,6,5,5,4,4,6,4,7,6,3,6,7,6,6,7,7,5,6,2,4,3,1,2,3,6,4,5,5,5,6,5,3,5,2,2,5,5,5,2,2,2,2,6,4,2,3,3,5,5,1,5,10,1,5,1,
10/26/2022 12:19,10/26/2022 12:24,0,76.77.45.140,100,282,1,10/26/2022 12:24,R_2YwSsK6VgCASgP7,,,,,39.7951,-76.9794,anonymous,EN,1,1,2,2,2,1,2,2,1,5,6,5,6,6,5,6,5,5,5,4,1,2,3,1,5,6,5,6,7,6,6,4,4,5,3,5,4,3,1,2,2,2,5,3,6,2,1,1,2,2,1,2,2,1,2,3,3,2,1,3,2,2,1,5,10,1,2,4,
10/26/2022 12:19,10/26/2022 12:25,0,165.234.251.35,100,349,1,10/26/2022 12:25,R_3m34HCG3x5nBGWU,,,,,48.8823,-97.7988,anonymous,EN,1,1,2,3,1,1,1,1,1,6,7,7,7,7,1,5,1,1,1,1,1,5,3,1,1,7,7,7,7,1,7,6,7,4,1,6,7,5,5,6,7,6,7,7,4,4,1,1,5,7,7,7,7,7,7,7,1,1,1,5,5,1,1,4,11,1,2,5,
10/26/2022 12:19,10/26/2022 12:25,0,24.6.104.132,100,335,1,10/26/2022 12:25,R_4SEbcaNfBGChDPP,,,,,37.5625,-122.0004,anonymous,EN,1,1,1,2,2,3,2,2,2,5,5,5,6,5,5,5,5,5,6,5,2,3,3,3,3,5,5,4,6,6,5,5,6,5,4,5,5,3,3,3,3,3,3,2,6,3,2,3,3,3,4,3,2,3,2,3,1,2,2,3,3,3,4,5,11,1,2,4,
10/26/2022 12:17,10/26/2022 12:26,0,24.96.67.199,100,550,1,10/26/2022 12:26,R_2WMWuz0EvDJBNNO,,,,,27.947,-82.7943,anonymous,EN,1,1,1,4,3,3,3,3,2,3,4,5,5,6,4,3,4,4,3,3,2,2,3,2,3,6,5,5,5,5,6,6,4,4,3,4,4,3,2,2,3,2,5,4,5,3,2,2,2,2,3,2,2,2,2,2,3,2,2,2,2,1,1,5,10,1,3,3,
10/26/2022 12:22,10/26/2022 12:27,0,12.7.216.194,100,262,1,10/26/2022 12:27,R_3GiEfSoefPB6D0U,,,,,42.0382,-88.262,anonymous,EN,1,1,1,3,5,4,2,5,2,6,6,6,7,6,5,5,6,6,5,6,2,2,3,2,2,7,5,6,6,6,6,2,2,1,1,1,4,2,1,1,1,1,2,2,6,2,2,1,1,1,2,2,2,1,2,2,6,6,4,2,2,2,4,5,5,1,2,4,
10/26/2022 12:06,10/26/2022 12:27,0,76.187.65.25,100,1272,1,10/26/2022 12:27,R_s5Rnsv6u1LNhdPb,,,,,33.1371,-96.7488,anonymous,EN,1,1,1,3,4,2,1,1,2,5,6,6,6,6,4,6,5,5,5,4,1,1,3,2,1,6,5,6,6,6,6,3,5,2,2,2,4,2,2,1,2,1,2,1,7,2,1,1,2,2,1,2,1,1,1,1,1,1,1,1,1,1,1,3,4,1,2,5,
10/26/2022 12:24,10/26/2022 12:27,0,12.175.167.146,100,224,1,10/26/2022 12:27,R_1dtupq0fDJNeWGO,,,,,33.9402,-84.5395,anonymous,EN,1,1,2,3,2,2,1,1,2,7,7,6,7,7,3,3,2,2,2,1,1,1,3,3,5,7,6,7,7,3,6,7,7,7,6,6,7,5,5,6,5,5,7,7,2,7,5,7,7,7,7,7,3,5,7,5,7,7,5,6,6,5,1,5,5,1,2,5,
10/26/2022 12:25,10/26/2022 12:27,0,24.194.225.157,100,161,1,10/26/2022 12:27,R_26ngoadiUcRmRXL,,,,,43.0592,-73.7356,anonymous,EN,1,1,2,2,2,2,2,2,2,5,5,5,6,6,5,5,6,6,6,5,2,2,3,2,2,6,3,6,6,5,6,5,6,5,5,5,5,5,3,3,3,3,6,5,4,5,3,5,5,5,5,5,5,2,4,4,5,5,4,5,5,3,1,5,5,1,2,4,
10/26/2022 12:24,10/26/2022 12:28,0,73.34.61.56,100,277,1,10/26/2022 12:28,R_AhfEUNTalmgszyp,,,,,39.869,-104.9767,anonymous,EN,1,1,1,5,3,3,2,2,2,3,4,5,5,5,3,5,3,3,3,3,2,2,3,3,5,6,5,6,5,5,5,3,3,2,2,2,2,2,2,2,2,2,5,3,5,3,2,2,2,2,2,2,2,2,2,2,2,2,2,2,2,2,1,5,11,3,3,2,
10/26/2022 12:26,10/26/2022 12:29,0,72.191.234.241,100,176,1,10/26/2022 12:29,R_30cSzRq5bbrHvNK,,,,,32.9219,-96.6214,anonymous,EN,1,1,2,2,1,1,1,1,1,7,7,7,7,7,3,5,5,5,2,4,1,1,3,1,5,7,5,5,7,1,7,2,3,3,3,2,4,1,1,1,1,1,1,1,5,1,1,1,1,1,1,1,1,1,1,1,7,7,2,1,1,1,2,4,7,2,2,5,
10/26/2022 12:26,10/26/2022 12:29,0,99.36.20.97,100,175,1,10/26/2022 12:29,R_WjGuZ2ati2Yiu4x,,,,,34.0782,-84.6485,anonymous,EN,1,1,2,2,2,1,1,5,1,6,7,6,7,7,5,5,4,4,4,5,1,2,3,1,1,7,5,6,6,5,7,5,5,4,4,4,6,2,1,1,1,1,3,1,7,1,2,7,3,1,4,2,1,1,1,1,5,6,1,1,1,1,1,3,7,2,2,5,
10/26/2022 12:24,10/26/2022 12:29,0,108.39.250.136,100,273,1,10/26/2022 12:29,R_3hDAVA501QCZOMn,,,,,40.4012,-80.0913,anonymous,EN,1,1,2,5,2,3,1,3,1,6,7,5,6,7,1,3,1,2,1,2,1,1,3,1,1,5,6,6,7,2,6,7,6,7,7,7,6,5,2,5,3,1,1,2,7,1,1,1,2,1,6,1,3,1,1,2,1,1,1,2,2,1,1,6,5,3,2,3,
10/26/2022 12:22,10/26/2022 12:29,0,108.82.131.8,100,445,1,10/26/2022 12:29,R_23fcIk9MO9MAXf2,,,,,30.4856,-90.0977,anonymous,EN,1,1,2,3,3,2,1,3,3,5,5,6,6,6,5,5,4,4,5,5,2,3,3,2,2,7,6,6,6,5,6,3,4,5,3,5,5,2,2,2,1,1,2,2,6,2,2,1,2,2,5,2,3,2,2,5,2,2,1,1,1,1,1,4,7,1,1,3,
10/26/2022 12:25,10/26/2022 12:29,0,76.139.168.195,100,257,1,10/26/2022 12:29,R_1DMuIBfOnSFGD4B,,,,,42.6919,-83.0558,anonymous,EN,1,1,2,5,2,2,2,2,2,4,6,6,5,6,5,5,5,5,5,5,2,1,3,2,2,6,6,6,6,5,6,4,4,4,4,5,5,2,4,2,2,2,4,3,6,2,1,1,1,1,6,1,2,2,2,5,1,2,1,1,1,1,1,4,10,1,3,3,
10/26/2022 12:17,10/26/2022 12:30,0,98.212.175.7,100,789,1,10/26/2022 12:30,R_3esKFZPHV3AbVha,,,,,41.7088,-85.976,anonymous,EN,1,1,1,5,6,5,2,2,2,6,6,5,6,6,2,5,6,6,6,6,7,6,3,6,7,6,6,6,6,7,6,6,6,6,6,6,6,2,5,2,2,3,2,2,6,3,6,6,6,6,6,2,2,2,2,2,2,2,2,2,2,2,1,3,6,1,1,1,
10/26/2022 12:26,10/26/2022 12:30,0,47.210.21.187,100,267,1,10/26/2022 12:30,R_2abkpu72lfuMwcQ,,,,,32.4846,-93.6779,anonymous,EN,1,1,1,5,5,3,6,2,2,6,5,6,6,6,5,4,5,5,3,5,6,3,3,5,6,6,6,6,7,5,7,3,5,4,2,1,1,3,1,1,2,2,5,3,6,2,2,1,1,1,6,1,2,3,1,3,2,3,2,3,5,2,1,4,7,1,1,2,
10/26/2022 12:27,10/26/2022 12:30,0,192.180.245.196,100,209,1,10/26/2022 12:30,R_3nkhNNeUUJzscx3,,,,,39.9418,-83.8357,anonymous,EN,1,1,1,3,2,2,2,2,2,5,5,5,5,5,5,5,5,5,5,5,2,2,3,1,2,7,5,6,6,5,6,1,2,2,2,4,4,1,1,1,1,1,2,2,7,2,1,1,1,1,1,1,1,1,1,1,1,1,1,1,1,1,1,3,3,1,2,4,
10/26/2022 12:26,10/26/2022 12:31,0,108.201.15.80,100,300,1,10/26/2022 12:31,R_2bWcodvXpREQfa7,,,,,39.7184,-82.6073,anonymous,EN,1,1,2,6,2,1,1,1,1,5,5,6,7,7,2,4,2,2,3,2,1,1,3,1,2,7,4,6,5,5,7,2,4,2,2,1,2,3,1,1,1,1,6,2,7,2,1,1,1,1,3,1,1,1,1,1,1,1,1,1,1,1,1,5,2,2,2,4,
10/26/2022 12:29,10/26/2022 12:32,0,104.53.166.216,100,206,1,10/26/2022 12:32,R_2ANn39XOF7uQJUC,,,,,38.6142,-90.291,anonymous,EN,1,1,2,4,2,2,2,2,1,2,3,5,5,6,3,4,5,6,4,3,1,1,3,1,1,5,4,5,6,2,5,2,4,3,1,1,3,2,2,1,1,2,5,3,6,2,2,4,2,2,5,2,2,2,2,4,4,4,2,2,2,2,1,5,4,1,2,5,
10/26/2022 12:27,10/26/2022 12:32,0,73.250.52.100,100,291,1,10/26/2022 12:32,R_2UfTDQKScteSEw1,,,,,39.0225,-75.5925,anonymous,EN,1,1,2,3,5,3,1,3,5,6,7,7,6,7,4,5,3,3,2,3,3,5,3,5,2,7,5,7,7,5,7,6,6,5,3,6,3,2,2,1,2,1,5,5,7,2,2,1,1,5,5,1,2,1,2,3,6,6,1,2,2,1,4,4,7,1,2,4,
10/26/2022 12:28,10/26/2022 12:32,0,88.107.84.70,100,232,1,10/26/2022 12:32,R_2sX6hg5dM5oIFH4,,,,,51.7782,-3.7649,anonymous,EN,1,1,2,5,1,1,1,2,1,4,4,4,3,4,3,3,3,3,3,3,1,1,3,1,1,7,7,6,7,6,7,6,6,6,6,6,6,2,2,2,2,2,2,2,6,2,1,1,1,1,2,1,1,1,1,1,4,1,1,1,1,1,1,4,3,1,2,5,
10/26/2022 12:26,10/26/2022 12:32,0,67.49.126.95,100,388,1,10/26/2022 12:32,R_2QrdvFRGm0kNHXm,,,,,34.1619,-116.4335,anonymous,EN,1,1,1,4,3,2,3,2,2,5,5,6,6,6,4,5,5,5,4,4,3,4,3,3,2,6,6,6,6,4,5,5,2,3,3,4,2,3,2,2,2,2,3,3,6,3,2,5,2,2,4,2,2,2,2,2,5,5,3,2,2,2,1,3,3,1,2,5,
10/26/2022 12:23,10/26/2022 12:32,0,66.176.72.219,100,571,1,10/26/2022 12:32,R_PHd6bRb8ifCaqqt,,,,,26.0162,-80.1955,anonymous,EN,1,1,1,2,6,2,2,2,4,6,6,6,6,6,4,3,4,3,2,3,1,2,3,6,5,7,7,7,7,5,6,7,7,7,7,7,7,1,1,1,1,1,1,5,6,1,1,1,1,1,4,1,1,1,1,1,1,1,1,1,1,1,3,5,6,1,3,3,
10/26/2022 12:29,10/26/2022 12:33,0,108.202.77.206,100,251,1,10/26/2022 12:33,R_2R9Tq7OVOKQ4Oxd,,,,,38.1043,-122.2442,anonymous,EN,1,1,1,4,1,1,1,1,1,6,6,6,6,6,2,4,3,3,3,3,1,1,3,1,1,7,5,7,7,5,7,5,5,5,5,4,4,1,1,1,1,1,1,1,7,1,1,1,1,1,5,1,1,1,1,1,4,1,1,1,1,1,1,3,5,1,1,1,
10/26/2022 12:24,10/26/2022 12:34,0,68.187.203.39,100,609,1,10/26/2022 12:34,R_2rlkXZonRhnwXol,,,,,34.5251,-82.6307,anonymous,EN,1,1,1,2,5,1,7,3,4,5,5,6,5,7,5,3,5,6,5,6,5,7,3,5,5,1,4,3,5,7,5,1,7,2,5,6,2,5,5,7,5,7,2,6,3,6,5,7,3,5,7,6,2,7,6,7,2,2,2,2,2,6,1,5,4,1,2,5,
10/26/2022 12:31,10/26/2022 12:35,0,47.147.169.114,100,224,1,10/26/2022 12:35,R_3CNoGxsOwCwiTKE,,,,,34.0264,-117.936,anonymous,EN,1,1,2,3,2,2,2,5,4,6,6,6,6,6,6,6,6,6,6,6,6,4,3,5,6,6,6,6,6,6,6,2,2,2,2,2,2,3,2,3,2,2,2,2,6,2,2,2,2,2,5,2,2,4,2,4,2,2,2,2,2,2,4,4,3,1,3,3,
10/26/2022 12:31,10/26/2022 12:35,0,71.194.212.51,100,230,1,10/26/2022 12:35,R_2CZbvYE75VhYtnj,,,,,41.5271,-87.2533,anonymous,EN,1,1,1,3,5,5,5,5,5,6,6,6,6,6,4,4,4,4,4,4,4,4,3,4,4,6,5,5,6,6,6,4,4,4,4,4,4,2,2,2,2,2,2,2,6,2,2,2,2,2,4,2,2,2,2,4,4,2,2,2,2,2,1,3,3,1,2,4,
10/26/2022 12:31,10/26/2022 12:35,0,73.22.220.25,100,251,1,10/26/2022 12:35,R_3QSHIHX13BSLxW2,,,,,42.0754,-87.8222,anonymous,EN,1,1,1,3,2,2,1,2,2,3,5,5,6,6,5,6,6,6,5,6,1,1,3,2,5,6,6,7,7,6,7,2,5,5,5,5,5,2,2,2,2,2,5,3,6,3,1,1,1,2,4,1,1,1,1,1,1,1,1,1,1,1,1,5,6,1,2,3,
10/26/2022 12:32,10/26/2022 12:35,0,68.32.41.142,100,209,1,10/26/2022 12:35,R_3LccGFUDnF0k12z,,,,,42.4327,-83.0396,anonymous,EN,1,1,1,3,1,1,1,1,1,7,6,7,7,7,3,2,3,3,2,3,3,2,3,2,3,7,4,7,7,7,7,6,6,6,3,6,6,2,2,1,2,2,3,2,6,3,2,1,1,5,6,2,1,1,1,2,3,3,1,5,2,1,2,3,5,1,3,3,
10/26/2022 12:25,10/26/2022 12:35,0,70.172.12.239,100,608,1,10/26/2022 12:35,R_3CIS9rL3BunzuMC,,,,,33.3121,-111.8213,anonymous,EN,1,1,2,3,1,1,1,1,1,7,7,7,7,7,4,1,1,1,4,1,5,7,3,7,7,7,7,7,7,7,7,3,4,3,4,1,1,1,1,1,1,1,1,1,7,1,1,3,1,1,7,1,1,1,1,1,7,1,1,1,1,1,1,5,2,1,1,1,
10/26/2022 12:26,10/26/2022 12:36,0,68.49.59.138,100,626,1,10/26/2022 12:36,R_cIrjok8IQNmEBgd,,,,,42.244,-83.5823,anonymous,EN,1,1,2,3,2,1,1,2,3,5,5,5,7,7,6,7,7,7,7,6,1,1,3,1,5,7,4,7,7,7,7,1,1,1,1,1,1,1,1,1,1,1,5,1,7,2,1,1,4,6,6,1,1,1,1,1,6,6,1,3,1,1,1,5,6,1,3,4,
10/26/2022 12:25,10/26/2022 12:37,0,75.129.208.109,100,707,1,10/26/2022 12:37,R_1NsLPiaFwODtZYx,,,,,45.3576,-84.9088,anonymous,EN,1,1,1,5,3,4,1,3,4,5,4,6,5,5,5,4,6,5,6,5,2,6,3,5,7,6,5,7,4,3,4,6,5,2,4,4,4,5,3,5,4,4,6,7,4,6,2,1,2,3,3,4,5,2,2,3,2,2,1,4,5,5,1,4,2,1,2,4,
10/26/2022 12:30,10/26/2022 12:37,0,70.170.38.174,100,417,1,10/26/2022 12:37,R_pKQgla55hbOzG5X,,,,,36.2709,-115.28,anonymous,EN,1,1,1,3,4,3,3,4,3,4,5,5,5,5,4,4,4,4,3,4,1,2,3,2,3,5,3,5,5,4,4,4,3,4,4,4,4,1,2,2,2,3,2,3,6,2,2,3,2,2,4,3,2,2,2,2,2,2,2,3,2,2,3,4,4,1,3,4,
10/26/2022 12:28,10/26/2022 12:37,0,68.190.125.42,100,536,1,10/26/2022 12:37,R_roTnJegL50I4KCR,,,,,42.5323,-88.3485,anonymous,EN,1,1,1,3,5,4,1,5,5,6,7,7,7,7,5,6,5,5,5,6,2,1,3,5,7,7,7,7,7,5,5,3,2,2,2,1,1,3,1,2,2,2,3,3,6,3,1,1,1,1,2,1,1,1,2,1,1,1,1,2,1,1,1,5,2,2,3,2,
10/26/2022 12:34,10/26/2022 12:38,0,70.44.94.194,100,243,1,10/26/2022 12:38,R_WvanQb8vGynRSFP,,,,,40.6561,-75.2336,anonymous,EN,1,1,2,3,3,2,1,4,2,5,5,5,4,5,1,1,1,1,1,1,6,7,3,4,7,6,5,5,4,4,4,2,2,4,4,6,5,2,2,2,2,2,5,4,7,5,2,2,4,5,7,4,4,2,3,5,4,5,3,3,2,2,1,5,8,1,2,4,
10/26/2022 12:27,10/26/2022 12:38,0,131.106.53.170,100,662,1,10/26/2022 12:38,R_2cCwQoiIbEePhVO,,,,,40.6027,-75.4778,anonymous,EN,1,1,1,3,2,2,1,2,2,5,5,6,5,6,5,5,5,5,6,5,3,2,3,3,3,7,4,6,5,4,5,5,5,6,5,6,5,3,4,3,4,4,4,4,6,4,3,2,4,4,6,4,5,4,4,4,5,5,5,4,4,4,1,5,7,1,2,4,
10/26/2022 12:34,10/26/2022 12:38,0,47.46.42.84,100,271,1,10/26/2022 12:38,R_A0S2yNZr8JYYyGd,,,,,44.4455,-83.3581,anonymous,EN,1,1,1,2,4,3,1,2,2,5,5,5,5,5,4,4,4,4,4,4,2,2,3,2,5,6,4,6,6,5,6,4,4,4,4,4,4,2,2,2,2,2,2,2,6,2,2,2,2,2,4,2,2,2,2,2,4,4,2,3,2,2,1,4,4,1,2,4,
10/26/2022 12:34,10/26/2022 12:38,0,71.46.225.85,100,291,1,10/26/2022 12:38,R_24zM5Wvky0dnWZe,,,,,29.2866,-81.0869,anonymous,EN,1,1,2,6,4,4,2,2,2,5,5,5,6,6,3,4,3,3,3,3,1,3,3,5,6,7,6,6,5,3,6,6,6,6,4,6,6,2,2,2,2,2,3,3,6,2,2,2,2,2,6,2,2,2,2,2,2,4,2,2,2,2,1,5,2,2,2,4,
10/26/2022 12:28,10/26/2022 12:39,0,173.184.8.81,100,620,1,10/26/2022 12:39,R_2an8WQVtGLPkSdy,,,,,31.411,-95.9872,anonymous,EN,1,1,2,3,2,2,2,2,3,6,7,7,7,7,5,5,6,6,6,5,1,1,3,1,1,7,6,7,7,7,7,6,6,6,5,6,6,1,1,1,1,1,1,1,7,1,1,1,1,2,5,1,5,3,1,2,5,5,3,1,2,1,3,4,8,1,2,4,
10/26/2022 12:30,10/26/2022 12:39,0,75.166.231.179,100,538,1,10/26/2022 12:39,R_RxgxpOUiJAkB1zH,,,,,39.7945,-105.0953,anonymous,EN,1,1,1,4,2,2,1,2,2,5,6,5,6,6,5,6,5,5,6,5,1,2,3,1,2,7,7,7,6,5,7,5,5,5,3,5,5,2,2,1,1,1,5,2,6,2,1,1,1,1,4,1,2,1,1,1,2,4,1,1,1,1,1,4,1,5,2,4,
10/26/2022 12:31,10/26/2022 12:39,0,73.198.13.141,100,495,1,10/26/2022 12:39,R_3fNr6rxoobO0X1M,,,,,39.3773,-74.6123,anonymous,EN,1,1,1,2,4,3,2,5,2,5,5,6,6,6,4,4,4,4,3,3,2,2,3,5,5,7,4,6,6,5,5,3,4,4,4,3,4,3,2,3,3,3,6,4,5,5,2,2,3,5,5,2,5,4,3,4,5,5,5,4,4,3,1,5,6,1,2,4,
10/26/2022 12:36,10/26/2022 12:39,0,68.184.201.47,100,216,1,10/26/2022 12:39,R_28LF8ypyvYjeo50,,,,,38.5943,-90.2321,anonymous,EN,1,1,2,4,2,2,2,2,2,3,4,5,5,6,3,4,2,2,3,2,2,2,3,2,2,5,5,5,4,5,5,5,4,4,4,4,4,3,2,2,2,2,6,2,5,3,2,2,2,2,5,2,3,2,2,2,4,4,2,2,3,2,1,5,5,1,2,4,
10/26/2022 12:33,10/26/2022 12:40,0,69.248.158.138,100,458,1,10/26/2022 12:40,R_VPDkTR7YDTHfMaZ,,,,,40.0022,-74.7885,anonymous,EN,1,1,2,6,2,2,2,2,2,3,3,3,5,5,5,5,4,5,5,4,1,1,3,2,2,6,6,6,6,6,6,6,5,4,3,4,4,3,2,2,2,2,3,2,6,2,2,2,2,2,5,2,2,2,2,2,2,2,2,2,2,2,1,6,9,3,2,5,
10/26/2022 12:36,10/26/2022 12:42,0,108.238.7.98,100,336,1,10/26/2022 12:42,R_2tfBz2FxgKE94Ao,,,,,30.1713,-93.2244,anonymous,EN,1,1,1,3,3,3,3,3,3,7,7,7,7,7,5,6,5,5,5,5,4,5,3,4,6,7,5,7,7,7,7,4,4,4,3,3,3,2,2,2,2,2,5,2,6,2,2,2,2,2,5,2,2,2,2,3,4,4,2,2,2,2,1,4,5,1,3,3,
10/26/2022 12:40,10/26/2022 12:42,0,108.45.100.67,100,150,1,10/26/2022 12:42,R_20MCK2HdulmwPUv,,,,,38.7741,-77.2385,anonymous,EN,1,1,1,1,7,7,7,7,7,7,7,7,7,7,1,1,1,1,1,1,7,7,3,7,7,7,7,7,7,7,7,1,1,1,1,1,1,1,1,1,1,1,1,1,7,1,1,1,1,1,1,1,1,1,1,1,7,7,7,1,1,1,1,5,5,1,1,1,
10/26/2022 12:20,10/26/2022 12:43,0,24.61.111.115,100,1369,1,10/26/2022 12:43,R_2tsuFEmjSF8eqiJ,,,,,42.753,-71.0325,anonymous,EN,1,1,1,2,3,3,2,3,3,6,6,6,5,6,3,6,4,5,3,3,3,2,3,3,2,6,5,5,6,4,6,5,5,4,3,4,3,3,4,2,3,2,5,3,6,5,2,2,3,4,5,3,2,3,3,5,3,3,2,5,5,3,1,5,4,1,1,2,
10/26/2022 12:38,10/26/2022 12:44,0,73.95.95.118,100,372,1,10/26/2022 12:44,R_AznTqykFGxmrNT3,,,,,39.6667,-105.0854,anonymous,EN,1,1,2,5,5,3,5,6,2,4,5,4,7,6,2,2,1,1,1,1,1,1,3,1,7,7,6,6,5,4,5,2,2,2,2,2,3,2,2,1,1,1,5,2,6,2,1,1,1,1,2,1,1,1,1,1,1,1,1,2,1,1,1,5,5,1,3,2,
10/26/2022 12:37,10/26/2022 12:44,0,76.185.187.47,100,433,1,10/26/2022 12:44,R_3HB5lE5Lc3c6MLU,,,,,29.4247,-98.4621,anonymous,EN,1,1,1,3,2,2,1,1,2,4,4,4,5,5,5,6,5,4,3,5,5,3,3,5,4,6,4,5,6,5,5,6,5,4,5,5,4,5,6,6,5,5,5,6,2,6,7,6,6,4,4,2,5,5,4,6,6,5,4,5,5,4,3,3,3,1,5,4,
10/26/2022 12:49,10/26/2022 12:54,0,209.127.221.147,100,335,1,10/26/2022 12:54,R_5bb0Jfh4GTySau5,,,,,39.7043,-88.9828,anonymous,EN,1,1,2,3,2,2,2,2,2,5,5,6,5,6,5,5,6,6,5,6,2,2,3,2,2,6,4,7,6,6,6,6,5,5,5,6,6,6,5,6,6,3,6,6,5,6,5,6,5,6,6,6,5,2,5,5,6,6,2,3,5,2,1,5,3,1,2,4,
10/26/2022 12:47,10/26/2022 12:54,0,69.216.102.103,100,451,1,10/26/2022 12:54,R_3g0NcTzpzGmUTQf,,,,,37.7045,-122.0742,anonymous,EN,1,1,1,2,1,1,1,1,1,5,4,5,5,6,4,3,4,4,4,4,1,1,3,2,3,6,4,5,5,4,5,2,4,5,4,4,5,3,2,2,1,1,2,1,6,1,2,1,1,2,5,2,1,1,2,2,6,6,1,2,1,1,4,5,8,1,2,4,
10/26/2022 12:51,10/26/2022 12:58,0,73.168.149.84,100,434,1,10/26/2022 12:58,R_3HUlLYUztRMdvPW,,,,,41.5837,-85.8633,anonymous,EN,1,1,2,3,2,2,1,1,2,5,6,6,6,7,2,3,3,3,4,3,1,1,3,1,4,7,7,7,6,3,6,4,4,4,3,1,4,2,1,1,1,1,2,1,7,1,1,1,1,2,4,1,4,1,2,3,2,2,1,1,1,1,4,5,10,1,2,4,
10/26/2022 12:53,10/26/2022 12:58,0,173.241.77.31,100,272,1,10/26/2022 12:58,R_3PjFCManhBD3uq8,,,,,34.002,-89.3539,anonymous,EN,1,1,1,3,2,2,1,2,1,3,7,7,7,7,5,4,6,6,4,4,1,2,3,2,5,4,4,4,4,4,4,6,4,5,4,4,5,1,1,1,1,1,5,2,7,1,1,1,1,1,1,1,1,1,1,1,4,4,1,1,1,1,1,4,3,1,2,4,4
10/26/2022 12:52,10/26/2022 12:58,0,108.67.225.52,100,363,1,10/26/2022 12:58,R_1n7lbx2NKUmKJPB,,,,,42.0107,-87.6657,anonymous,EN,1,1,2,4,1,1,1,1,1,6,7,7,7,7,4,3,2,4,1,1,1,1,3,1,1,7,6,7,7,6,7,3,2,6,4,3,7,1,1,1,1,1,2,1,6,1,1,1,1,2,3,1,1,1,2,5,3,1,1,1,1,3,2,5,1,1,2,5,4
10/26/2022 12:55,10/26/2022 12:59,0,192.81.179.4,100,238,1,10/26/2022 12:59,R_2TLzhMbzZdcEHuv,,,,,36.3966,-78.9933,anonymous,EN,1,1,2,3,2,2,2,2,3,7,6,7,6,6,5,5,6,5,6,5,1,2,3,2,3,7,5,6,7,6,6,5,5,5,4,5,5,2,2,2,2,2,5,3,6,3,2,2,2,2,2,2,2,2,2,3,2,2,2,4,4,3,1,3,2,6,2,4,4
10/26/2022 12:54,10/26/2022 13:00,0,66.67.4.142,100,335,1,10/26/2022 13:00,R_1nUFDHJld4UIL0f,,,,,42.8608,-76.9915,anonymous,EN,1,1,1,5,3,3,2,3,3,5,6,6,5,6,5,6,5,6,6,5,3,2,3,4,2,7,6,6,6,5,6,6,5,5,5,5,5,3,3,3,2,3,3,3,6,3,2,2,2,2,5,3,3,2,2,3,2,3,2,2,2,3,1,6,6,1,2,4,4
10/26/2022 12:49,10/26/2022 13:05,0,172.58.89.210,100,934,1,10/26/2022 13:05,R_3J1OfzMqcasZL7R,,,,,37.7201,-122.4414,anonymous,EN,1,1,1,4,5,5,3,5,2,6,6,6,6,6,5,5,4,4,4,2,2,2,3,2,6,6,6,6,6,5,6,5,5,5,5,5,5,2,2,2,2,2,2,2,2,2,2,2,2,2,4,2,2,2,2,2,2,2,2,2,2,2,1,4,2,1,3,3,
10/26/2022 12:58,10/26/2022 13:05,0,72.14.101.191,100,448,1,10/26/2022 13:05,R_1rOJ2qPgQacmmXb,,,,,36.6089,-88.3031,anonymous,EN,1,1,1,3,1,1,1,1,1,6,6,5,7,7,6,6,6,6,6,6,1,1,3,1,1,7,5,7,5,5,5,4,5,4,2,5,4,1,1,1,1,1,2,2,6,1,1,1,1,1,1,1,1,1,1,1,5,5,2,1,1,1,1,5,12,1,3,4,4
10/26/2022 12:50,10/26/2022 13:06,0,76.27.229.12,100,939,1,10/26/2022 13:06,R_29uLa1iyg8CNp28,,,,,44.6554,-123.135,anonymous,EN,1,1,2,4,3,2,4,2,4,5,4,6,5,5,3,3,3,3,5,4,1,2,3,1,3,6,5,5,5,4,5,3,4,5,4,3,4,2,1,1,1,1,6,3,7,2,2,4,2,1,4,1,2,1,1,3,2,4,1,2,2,1,1,5,12,1,2,5,
10/26/2022 12:48,10/26/2022 13:06,0,73.188.191.75,100,1093,1,10/26/2022 13:06,R_3KAOdOXgtIoV42L,,,,,40.0345,-75.1193,anonymous,EN,1,1,1,2,4,2,1,2,2,6,6,6,6,6,4,4,4,4,6,4,3,4,3,1,7,7,4,7,7,7,7,2,4,2,2,1,1,2,2,2,2,2,6,2,6,2,4,1,1,1,4,1,1,1,4,1,7,6,1,4,2,2,4,5,7,1,3,3,
10/26/2022 13:03,10/26/2022 13:08,0,47.208.95.6,100,329,1,10/26/2022 13:08,R_2q7y5WwidOZpwr8,,,,,40.7977,-124.1565,anonymous,EN,1,1,1,3,1,1,2,1,1,4,5,5,5,5,4,4,5,4,6,4,1,1,3,1,4,7,4,5,7,7,7,2,4,5,2,6,5,1,1,1,1,1,1,1,7,1,1,1,1,1,2,1,1,1,1,1,2,2,1,1,1,4,1,5,5,2,2,4,4
10/26/2022 12:57,10/26/2022 13:11,0,24.233.108.39,100,850,1,10/26/2022 13:11,R_3elR9HnUtbBaBpR,,,,,43.2874,-71.3352,anonymous,EN,1,1,1,4,3,2,2,3,2,5,6,6,6,6,4,5,3,3,2,3,2,4,3,4,5,6,2,6,6,4,6,7,6,6,6,6,6,1,1,1,1,1,1,1,7,1,1,1,1,1,1,1,3,1,1,1,4,4,1,1,1,1,1,3,3,1,3,3,4
10/26/2022 12:40,10/26/2022 13:14,0,107.143.93.249,100,2010,1,10/26/2022 13:14,R_25GHf0O59e1hZFn,,,,,25.7381,-80.312,anonymous,EN,1,1,1,2,3,4,4,1,2,5,5,4,4,6,3,4,2,3,4,2,4,4,3,4,4,5,4,5,5,4,5,5,4,4,5,4,4,5,5,5,4,4,6,5,2,5,3,3,4,5,5,4,3,4,4,4,4,2,3,3,4,4,3,2,4,2,3,3,
10/26/2022 13:10,10/26/2022 13:14,0,184.61.215.206,100,216,1,10/26/2022 13:14,R_1dFDUilZR2yUtQC,,,,,42.7594,-88.1968,anonymous,EN,1,1,2,3,2,2,2,2,4,5,5,5,6,6,4,4,5,5,5,4,1,1,3,1,1,6,4,5,5,5,5,4,4,4,4,4,4,4,3,3,3,3,4,4,5,4,4,4,3,4,5,3,3,3,4,4,4,4,2,4,4,4,1,6,10,1,2,4,4
10/26/2022 13:12,10/26/2022 13:15,0,76.128.113.222,100,199,1,10/26/2022 13:15,R_3isdU5kcFrdorlI,,,,,26.3111,-80.0982,anonymous,EN,1,1,1,3,4,3,3,3,3,5,5,5,5,5,4,4,4,4,4,4,4,2,3,2,4,4,4,4,4,4,4,4,4,4,4,2,4,4,4,4,4,3,4,4,4,3,3,4,4,4,4,4,4,4,4,5,4,4,4,4,3,3,2,5,2,1,2,4,4
10/26/2022 13:12,10/26/2022 13:19,0,68.99.230.222,100,392,1,10/26/2022 13:19,R_1mDjUx4agQFjmZO,,,,,33.6338,-112.2066,anonymous,EN,1,1,2,3,1,1,1,2,1,5,6,6,6,6,3,3,3,3,3,3,1,1,3,1,2,6,4,6,5,3,5,6,6,6,6,6,6,2,2,2,2,2,3,3,6,3,2,2,2,3,5,2,1,2,2,5,2,2,2,2,2,3,1,5,9,1,2,4,4
10/26/2022 13:32,10/26/2022 13:37,0,108.32.54.210,100,335,1,10/26/2022 13:37,R_UuwS1ekTrzVuYNP,,,,,40.3926,-79.9052,anonymous,EN,1,1,2,5,2,2,1,2,2,5,6,6,6,6,3,4,3,3,3,3,1,1,3,1,1,7,5,6,6,4,6,5,5,4,4,4,3,3,2,1,1,1,5,3,7,2,1,1,1,1,5,1,2,1,2,3,4,4,1,1,1,1,1,3,4,2,3,3,4
10/26/2022 13:39,10/26/2022 13:55,0,67.166.98.27,100,917,1,10/26/2022 13:55,R_1TbcMePszVT5gKR,,,,,40.3969,-111.7919,anonymous,EN,1,1,1,2,3,2,2,3,2,5,5,4,5,6,3,5,3,3,4,3,5,2,3,3,5,7,6,6,6,3,5,3,5,5,2,3,3,2,2,1,1,2,5,4,6,2,2,1,4,3,3,2,1,1,1,5,3,6,1,2,1,1,1,5,2,1,2,4,4
10/26/2022 14:17,10/26/2022 14:21,0,45.46.128.56,100,288,1,10/26/2022 14:21,R_PFAgkFhcbdwZVux,,,,,43.1139,-79.0425,anonymous,EN,1,1,1,4,4,4,2,3,2,5,5,5,6,6,5,5,5,5,6,5,1,2,3,2,3,6,5,5,5,5,5,6,6,5,5,5,5,3,1,1,1,1,5,3,6,2,2,2,1,1,2,1,1,1,1,1,2,2,1,1,1,1,1,4,1,2,3,3,4
11/1/2022 12:05,11/1/2022 12:07,0,73.130.41.171,100,140,1,11/1/2022 12:07,R_22GiHl7pTfhPNoX,,,,,40.2744,-76.7062,anonymous,EN,1,1,1,4,2,2,2,4,2,6,6,7,7,6,2,4,2,2,4,2,1,4,3,4,5,6,5,6,6,6,6,1,1,2,1,1,2,1,1,1,1,1,3,2,6,2,1,2,1,1,3,1,1,1,3,2,2,1,1,5,4,5,1,3,2,1,2,4,4
11/1/2022 12:06,11/1/2022 12:08,0,204.111.129.89,100,95,1,11/1/2022 12:08,R_1QaOcxzqw6EmFLd,,,,,37.3053,-79.9252,anonymous,EN,1,1,1,2,1,1,1,1,1,2,5,5,5,5,5,6,5,5,5,5,1,1,3,1,1,7,7,7,7,5,6,5,6,6,5,6,7,1,1,1,1,1,1,1,7,1,1,5,3,1,1,1,1,1,1,1,2,2,1,1,1,1,1,4,2,1,2,5,4
11/1/2022 12:06,11/1/2022 12:09,0,73.247.228.40,100,225,1,11/1/2022 12:09,R_55q1fjvQaB9b2yB,,,,,41.7416,-87.9375,anonymous,EN,1,1,1,3,3,1,1,3,2,6,6,5,6,7,5,5,7,7,6,5,1,2,3,2,3,6,4,7,7,5,6,6,7,6,6,7,7,1,1,1,1,1,2,1,6,1,2,1,1,1,1,1,1,1,1,3,5,6,1,1,1,1,1,4,4,1,2,5,4
11/1/2022 12:05,11/1/2022 12:10,0,158.222.228.176,100,290,1,11/1/2022 12:10,R_3NVfc7eQVdcNGCA,,,,,40.6643,-73.9763,anonymous,EN,1,1,1,4,1,1,2,1,1,6,6,6,7,7,7,7,7,7,7,7,1,3,3,1,1,7,4,7,5,7,7,2,4,6,1,5,4,1,1,1,1,1,2,1,7,1,1,1,1,1,3,1,2,1,1,1,4,4,1,1,2,1,1,5,12,1,2,4,4
11/1/2022 12:04,11/1/2022 12:10,0,173.173.38.108,100,336,1,11/1/2022 12:10,R_2E5b6BApzOxwTWy,,,,,31.5822,-97.1768,anonymous,EN,1,1,2,3,1,7,1,1,1,2,7,7,7,7,5,2,6,7,7,7,1,1,3,1,1,7,7,7,7,3,7,7,5,1,1,1,5,2,6,2,2,2,6,7,5,3,2,2,2,1,7,5,1,5,1,5,1,1,1,1,1,1,1,5,6,1,2,3,4
11/1/2022 12:06,11/1/2022 12:10,0,76.182.23.198,100,245,1,11/1/2022 12:10,R_3M0fLOenDlcPLjl,,,,,35.5831,-78.7881,anonymous,EN,1,1,2,4,1,1,1,1,1,5,6,6,7,6,2,1,4,4,3,3,1,4,3,5,5,6,6,7,6,4,6,5,6,7,6,7,6,3,1,2,1,1,6,3,5,1,1,1,1,5,7,3,2,3,2,3,3,2,1,2,2,1,1,3,11,1,1,2,4
11/1/2022 12:04,11/1/2022 12:10,0,216.78.238.6,100,357,1,11/1/2022 12:10,R_Duevidlr1aSx1M5,,,,,37.751,-97.822,anonymous,EN,1,1,1,4,5,3,2,3,3,6,6,7,7,7,5,5,5,5,5,5,4,4,3,4,4,7,5,6,7,6,7,3,5,5,5,3,5,3,3,3,3,3,3,3,6,3,3,3,2,4,5,3,5,3,2,5,3,3,3,2,3,2,2,5,7,1,2,4,4
11/1/2022 12:05,11/1/2022 12:11,0,216.81.94.70,100,381,1,11/1/2022 12:11,R_vSIfxN9ektZwwwh,,,,,37.751,-97.822,anonymous,EN,1,1,1,3,1,1,1,1,1,5,6,6,6,6,5,5,5,5,5,5,2,5,3,3,5,6,4,6,6,5,5,5,5,4,4,3,2,1,1,1,1,1,1,1,6,1,1,1,1,1,4,1,1,1,1,1,1,1,1,1,1,1,4,5,10,1,1,2,4
11/1/2022 12:06,11/1/2022 12:11,0,98.246.102.10,100,296,1,11/1/2022 12:11,R_2bH49DDJOnAPDIn,,,,,44.6554,-123.135,anonymous,EN,1,1,1,3,2,3,3,3,1,5,4,5,5,6,6,6,7,6,6,5,2,2,3,1,2,6,4,5,6,4,5,6,5,5,4,5,6,3,2,2,2,3,4,3,6,2,1,2,2,2,3,2,3,2,2,2,4,5,2,2,2,1,1,5,7,1,2,5,4
11/1/2022 12:06,11/1/2022 12:11,0,172.58.88.40,100,308,1,11/1/2022 12:11,R_3QSMihdHboZsKOD,,,,,37.7183,-122.4103,anonymous,EN,1,1,1,4,5,3,3,5,2,6,6,6,6,6,4,4,3,4,3,2,2,4,3,2,5,6,6,6,6,5,6,4,2,3,2,4,3,2,2,2,2,2,2,2,6,2,2,3,2,2,2,2,2,2,2,2,2,2,2,2,2,2,1,4,2,1,3,2,4
11/1/2022 12:08,11/1/2022 12:13,0,192.81.179.4,100,290,1,11/1/2022 12:13,R_24uruOjC0uyFVj0,,,,,36.3966,-78.9933,anonymous,EN,1,1,2,3,2,2,2,3,4,7,7,7,7,7,6,5,5,5,5,5,2,2,3,2,3,7,6,6,5,5,6,3,5,5,3,5,5,3,2,2,2,2,5,2,6,3,2,2,1,1,2,2,2,2,2,2,2,2,2,3,3,3,1,3,2,6,2,4,4
11/1/2022 12:09,11/1/2022 12:13,0,73.34.61.56,100,264,1,11/1/2022 12:13,R_1pR4mtCd5mGxqoF,,,,,39.869,-104.9767,anonymous,EN,1,1,1,5,3,3,2,2,2,3,4,5,5,5,3,5,3,3,3,3,2,2,3,2,5,6,5,6,6,5,6,3,2,2,2,2,2,2,2,2,2,2,5,2,3,3,2,2,2,2,2,2,2,2,2,2,2,2,2,2,2,2,1,5,11,3,5,1,4
11/1/2022 12:04,11/1/2022 12:13,0,104.138.216.139,100,546,1,11/1/2022 12:13,R_2sSmstB8RK2co7z,,,,,36.0682,-80.2928,anonymous,EN,1,1,2,2,3,5,2,2,2,6,6,6,6,6,3,5,4,3,4,3,2,3,3,3,4,6,3,5,7,3,5,3,5,3,3,4,3,6,3,5,1,3,6,5,5,5,5,3,6,5,6,2,6,1,5,5,5,5,5,4,5,3,1,4,5,2,3,4,4
11/1/2022 12:11,11/1/2022 12:13,0,72.191.234.241,100,168,1,11/1/2022 12:13,R_XCclZV2gZxuF0nT,,,,,32.9219,-96.6214,anonymous,EN,1,1,2,2,1,1,1,1,1,7,7,7,7,7,3,3,2,2,5,3,1,1,3,1,3,7,5,6,6,1,5,1,3,3,3,1,2,1,1,1,1,1,2,2,6,2,1,1,1,1,1,1,1,1,1,1,7,7,5,1,1,1,2,4,7,2,2,5,4
11/1/2022 12:10,11/1/2022 12:13,0,72.132.49.4,100,180,1,11/1/2022 12:13,R_2QVvR4KHGuXC5nM,,,,,33.7237,-116.3803,anonymous,EN,1,1,1,4,5,5,4,4,5,6,6,6,7,7,2,3,2,6,2,2,4,5,3,5,5,7,7,7,7,7,7,6,6,7,7,7,7,2,2,2,2,2,2,2,7,2,2,1,2,2,4,2,2,2,1,1,5,5,4,2,2,2,1,6,10,1,2,4,4
11/1/2022 12:08,11/1/2022 12:13,0,173.184.42.87,100,307,1,11/1/2022 12:14,R_129HvYmuLRM1JuH,,,,,34.1151,-83.5749,anonymous,EN,1,1,1,3,5,5,5,5,1,6,6,6,6,6,5,5,6,6,6,6,6,6,3,5,5,7,4,6,5,3,7,2,2,1,1,1,1,5,5,5,5,5,5,5,3,5,1,1,1,1,1,1,1,1,1,5,5,6,1,5,5,3,1,3,7,1,1,1,4
11/1/2022 12:08,11/1/2022 12:14,0,76.120.190.164,100,374,1,11/1/2022 12:14,R_2S2AY4hw10Cw8uv,,,,,40.1678,-80.2591,anonymous,EN,1,1,1,5,2,2,2,2,2,5,6,6,6,6,3,3,3,3,3,3,1,1,3,2,2,6,5,6,6,5,6,5,5,5,3,6,6,2,2,2,2,2,2,2,6,2,2,2,2,3,3,2,3,2,2,2,5,5,1,2,2,2,1,4,2,1,2,5,4
11/1/2022 12:07,11/1/2022 12:14,0,68.36.219.215,100,422,1,11/1/2022 12:14,R_qV3x3ta12Va3pbb,,,,,42.3914,-83.1493,anonymous,EN,1,1,2,3,4,1,1,1,1,5,5,5,5,5,6,7,5,5,5,6,3,4,3,2,4,7,5,6,6,5,5,7,7,7,7,4,3,5,5,5,5,5,5,5,3,5,1,1,1,5,6,6,5,5,5,6,1,1,1,1,1,1,2,4,3,1,2,5,4
11/1/2022 12:11,11/1/2022 12:15,0,73.22.220.25,100,218,1,11/1/2022 12:15,R_2VsWwD83TLSHpdN,,,,,42.0754,-87.8222,anonymous,EN,1,1,1,3,2,2,1,3,2,2,5,5,5,5,5,6,5,5,3,6,1,1,3,1,6,7,7,7,7,5,7,2,5,5,5,5,5,2,2,2,2,2,5,3,6,2,1,1,1,1,4,1,2,1,1,2,2,1,1,1,1,1,1,5,7,1,2,3,4
11/1/2022 12:11,11/1/2022 12:15,0,108.216.4.79,100,217,1,11/1/2022 12:15,R_8cffsxDwvoUGaPf,,,,,29.9475,-81.5264,anonymous,EN,1,1,1,3,3,2,3,3,3,5,5,5,6,6,4,5,3,3,4,4,1,2,3,1,2,7,5,6,7,6,7,2,3,3,2,2,3,1,1,1,1,1,2,1,6,1,1,1,1,1,3,1,1,1,1,3,1,1,1,2,1,1,1,6,11,1,2,4,4
11/1/2022 12:10,11/1/2022 12:15,0,141.126.132.106,100,288,1,11/1/2022 12:15,R_1joVNTJscG7XjE8,,,,,43.1205,-89.3523,anonymous,EN,1,1,1,5,1,1,1,2,1,6,5,5,6,7,5,5,6,6,5,5,1,1,3,1,1,7,7,6,6,7,6,6,5,3,3,6,5,5,2,2,1,1,6,2,5,2,1,5,2,2,5,1,1,1,1,1,1,1,1,1,1,1,1,2,5,2,2,5,4
11/1/2022 12:04,11/1/2022 12:16,0,217.180.216.127,100,685,1,11/1/2022 12:16,R_D14tFYAP2He34Bj,,,,,42.9656,-85.65,anonymous,EN,1,1,2,2,1,2,1,2,2,7,6,6,7,7,5,4,6,6,5,5,2,3,3,6,2,5,4,7,5,4,5,3,5,5,5,4,4,5,3,4,3,2,6,5,4,5,3,3,4,5,6,5,4,3,5,5,3,5,2,2,5,2,1,4,10,1,2,5,4
11/1/2022 12:12,11/1/2022 12:16,0,107.4.76.53,100,219,1,11/1/2022 12:16,R_3OjJ5HvM3UG0LpO,,,,,43.0573,-83.7498,anonymous,EN,1,1,1,2,3,3,2,3,5,2,2,2,2,2,1,1,1,1,1,1,3,5,3,5,6,6,6,7,6,4,6,5,6,5,5,5,5,6,6,6,5,5,6,5,2,5,2,2,2,5,5,4,4,5,5,5,2,2,1,2,6,5,1,3,4,1,2,4,4
11/1/2022 12:12,11/1/2022 12:17,0,75.97.234.178,100,279,1,11/1/2022 12:17,R_12oi1yHn6AjH3IL,,,,,40.8273,-75.8824,anonymous,EN,1,1,2,4,1,1,1,1,1,6,7,7,7,7,4,4,3,4,2,4,1,1,3,1,1,7,4,7,7,5,7,6,5,4,4,3,4,5,5,5,6,6,6,5,4,5,3,5,5,6,7,4,5,1,4,4,6,3,4,5,5,5,1,3,3,1,2,4,4
11/1/2022 12:08,11/1/2022 12:17,0,75.187.69.219,100,503,1,11/1/2022 12:17,R_3HjLSEtp0vJ1O5w,,,,,39.5107,-84.7427,anonymous,EN,1,1,2,3,1,1,3,2,1,6,5,5,6,6,6,6,7,6,6,7,2,1,3,2,1,6,4,5,5,5,6,3,3,2,3,1,2,3,2,2,2,2,3,2,6,2,1,1,1,1,6,3,5,3,3,5,5,5,4,5,3,1,1,5,7,1,2,5,4
11/1/2022 12:12,11/1/2022 12:18,0,75.184.124.108,100,360,1,11/1/2022 12:18,R_290MdEfczPKeplH,,,,,44.5034,-87.9813,anonymous,EN,1,1,2,4,2,2,1,2,2,6,6,6,6,6,5,4,5,4,5,4,1,1,3,1,1,7,4,6,5,5,6,4,5,5,4,4,4,2,2,2,2,2,5,3,6,2,2,3,2,2,4,2,2,2,2,2,4,4,2,2,2,2,1,6,8,1,2,5,4
11/1/2022 12:05,11/1/2022 12:18,0,68.187.203.39,100,776,1,11/1/2022 12:18,R_1112We1xXNPuwtj,,,,,34.5251,-82.6307,anonymous,EN,1,1,1,2,5,1,7,3,5,5,3,1,6,6,5,3,4,6,5,6,5,7,3,7,4,6,4,5,6,7,6,6,3,2,4,5,3,5,5,7,3,6,5,7,5,6,6,3,2,5,5,6,5,3,6,7,6,4,2,7,5,6,1,5,4,1,2,4,4
11/1/2022 12:14,11/1/2022 12:18,0,45.36.209.32,100,250,1,11/1/2022 12:18,R_Rae5mAjN6kSJZp7,,,,,36.1219,-79.7777,anonymous,EN,1,1,1,5,5,5,6,3,2,2,3,5,5,5,1,1,1,1,1,1,6,5,3,6,7,6,5,5,5,5,6,7,7,7,7,7,7,7,6,6,6,7,7,6,3,6,7,7,5,6,7,6,7,6,7,6,6,7,6,6,7,6,1,4,12,2,3,2,4
11/1/2022 12:14,11/1/2022 12:19,0,108.73.95.238,100,290,1,11/1/2022 12:19,R_4YPp3eord6JzI0p,,,,,32.9636,-96.7468,anonymous,EN,1,1,1,4,4,6,4,4,2,6,5,6,7,6,4,5,6,5,4,2,2,4,3,6,6,7,4,6,7,4,6,4,2,4,2,1,3,2,2,2,2,2,2,2,5,2,3,1,2,2,6,2,2,1,1,3,6,6,2,2,1,1,1,5,7,1,1,2,4
11/1/2022 12:13,11/1/2022 12:20,0,24.8.194.137,100,389,1,11/1/2022 12:20,R_2RP1y6EOzX7c93D,,,,,39.6219,-105.0864,anonymous,EN,1,1,2,3,3,3,1,2,2,6,6,6,6,6,4,4,4,4,3,2,1,2,3,2,2,6,5,6,4,4,5,6,6,4,4,4,4,2,2,2,1,1,2,2,6,2,1,1,1,1,1,1,1,1,1,1,1,1,1,1,1,1,1,5,6,2,5,3,4
11/1/2022 12:16,11/1/2022 12:21,0,108.67.225.52,100,296,1,11/1/2022 12:21,R_3dKdVtWmhM0K0HH,,,,,42.0107,-87.6657,anonymous,EN,1,1,2,4,1,1,1,1,1,5,7,5,7,7,1,4,3,4,1,1,1,1,3,1,1,7,7,7,7,4,7,2,4,5,3,1,7,2,1,1,1,1,3,1,6,1,1,1,1,2,2,1,1,1,1,1,1,1,1,1,1,3,2,5,1,1,2,5,4
11/1/2022 12:15,11/1/2022 12:21,0,73.53.159.133,100,354,1,11/1/2022 12:21,R_3fJKJ7P0PqxEvkZ,,,,,30.3511,-81.506,anonymous,EN,1,1,1,4,2,3,5,4,2,4,5,5,6,6,4,6,4,4,5,3,2,4,3,4,2,6,5,6,6,5,5,6,6,7,4,7,7,3,2,2,2,2,5,4,5,3,2,4,2,5,5,2,3,2,2,5,4,6,2,5,3,3,1,5,7,1,3,4,4
11/1/2022 12:06,11/1/2022 12:21,0,63.150.197.50,100,901,1,11/1/2022 12:21,R_2fwK1Y95W5MH98U,,,,,36.6694,-93.2449,anonymous,EN,1,1,1,2,5,6,4,3,3,5,5,6,6,6,5,5,4,3,3,1,6,5,3,6,6,6,5,5,6,6,7,2,3,4,3,1,2,3,2,3,2,2,3,2,6,2,2,5,4,2,5,2,2,1,2,2,5,5,2,1,2,1,1,4,2,1,1,1,4
11/1/2022 12:18,11/1/2022 12:22,0,206.54.198.154,100,274,1,11/1/2022 12:22,R_2X7k6oclra0Elf1,,,,,29.572,-95.54,anonymous,EN,1,1,2,2,2,1,1,2,1,6,7,7,7,7,4,5,4,3,6,5,1,1,3,2,2,6,5,6,6,2,5,5,5,6,4,5,6,5,5,6,6,7,7,6,2,5,5,2,3,7,7,5,7,5,3,7,3,2,2,3,6,2,1,4,5,1,2,5,4
11/1/2022 12:13,11/1/2022 12:23,0,73.198.13.141,100,587,1,11/1/2022 12:23,R_22S1bpdsbcgH1po,,,,,39.3773,-74.6123,anonymous,EN,1,1,1,2,4,3,3,5,2,6,6,6,6,6,4,5,4,4,4,3,2,5,3,5,5,7,5,6,6,4,6,5,4,4,4,3,5,3,3,2,2,2,5,4,6,5,2,3,2,5,5,2,5,4,4,4,6,6,5,3,3,2,1,5,6,1,2,4,4
11/1/2022 12:18,11/1/2022 12:23,0,76.168.74.11,100,268,1,11/1/2022 12:23,R_1EWiCen7BV7Zz4R,,,,,33.9322,-118.2488,anonymous,EN,1,1,2,4,5,5,3,3,5,6,6,6,6,6,5,5,5,3,3,5,2,2,3,2,2,6,4,6,5,5,5,3,5,5,3,2,2,2,2,2,2,2,3,2,6,2,2,2,2,2,5,2,2,2,2,2,3,3,2,2,2,2,3,4,4,1,2,4,4
11/1/2022 12:19,11/1/2022 12:23,0,173.47.103.63,100,211,1,11/1/2022 12:23,R_1H6n1KOlBUJXAaR,,,,,33.5497,-88.4872,anonymous,EN,1,1,2,4,3,3,2,2,3,6,6,5,5,6,1,4,5,5,4,4,1,1,3,4,6,7,4,7,7,4,7,1,1,1,1,1,1,5,4,4,4,3,5,4,4,4,1,4,4,1,6,1,1,1,1,1,1,1,3,3,3,2,1,5,9,1,1,1,4
11/1/2022 12:16,11/1/2022 12:23,0,76.185.187.47,100,433,1,11/1/2022 12:23,R_21ijYtUduX1mYS6,,,,,29.4247,-98.4621,anonymous,EN,1,1,1,3,2,1,2,2,2,5,6,5,5,6,4,6,4,3,3,4,2,1,3,2,4,6,7,6,6,5,6,5,6,5,6,7,6,6,5,5,6,6,5,6,5,5,5,5,5,5,4,4,3,2,3,6,4,5,5,4,5,5,3,3,2,1,2,4,4
11/1/2022 12:21,11/1/2022 12:24,0,70.176.169.168,100,152,1,11/1/2022 12:24,R_QgdZhSiXA6gWPjH,,,,,32.213,-110.8279,anonymous,EN,1,1,2,3,2,1,1,4,2,6,6,6,7,7,2,2,2,2,4,4,1,1,3,1,1,6,4,6,6,3,5,5,4,4,4,2,2,1,1,1,1,1,2,2,6,2,2,2,2,1,1,1,2,1,1,2,1,2,1,1,1,1,1,4,2,1,2,5,4
11/1/2022 12:06,11/1/2022 12:24,0,128.84.126.31,100,1099,1,11/1/2022 12:24,R_3MnymBlNZU41RJ5,,,,,42.4444,-76.4926,anonymous,EN,1,1,2,4,1,1,2,2,1,5,6,6,7,6,7,6,7,7,5,7,1,1,3,1,1,6,5,6,7,7,6,4,4,5,3,3,4,2,1,2,1,1,4,2,7,2,2,3,2,1,4,1,3,3,2,2,4,4,1,2,1,1,1,6,8,1,2,4,4
11/1/2022 12:10,11/1/2022 12:26,0,68.9.189.199,100,944,1,11/1/2022 12:26,R_3exF6GbbZX0oJ28,,,,,41.7689,-71.4758,anonymous,EN,1,1,1,3,5,6,5,6,5,5,6,5,6,6,5,6,4,4,4,4,6,3,3,4,6,7,6,6,7,6,6,2,4,4,3,3,4,2,2,2,2,2,5,2,6,5,2,1,2,2,5,2,1,1,1,1,1,1,1,2,1,1,1,5,2,1,3,2,4
11/1/2022 12:24,11/1/2022 12:28,0,99.36.20.97,100,205,1,11/1/2022 12:28,R_1mlxr3Pwr3FkGr4,,,,,34.0747,-84.5953,anonymous,EN,1,1,2,2,2,1,1,5,1,5,7,7,7,7,5,6,4,4,5,5,1,1,3,1,1,7,5,6,6,7,7,4,5,5,4,6,5,2,1,1,1,1,5,2,7,3,2,5,1,1,3,2,3,1,1,1,6,7,2,1,1,1,1,3,7,2,2,4,4
11/1/2022 12:22,11/1/2022 12:28,0,24.17.69.124,100,343,1,11/1/2022 12:28,R_2V3AIchgoqQTQHs,,,,,48.0589,-122.1579,anonymous,EN,1,1,2,4,5,6,2,3,3,5,5,6,6,7,3,4,3,2,3,3,5,5,3,5,6,7,6,6,7,5,6,3,3,2,2,1,1,3,1,1,1,1,5,3,6,2,2,2,3,3,7,3,3,3,2,5,1,2,1,1,1,1,1,4,6,1,1,1,4
11/1/2022 12:24,11/1/2022 12:29,0,136.226.54.184,100,266,1,11/1/2022 12:29,R_28P2Fy5HmPpZSea,,,,,45.5288,-122.6821,anonymous,EN,1,1,2,2,3,2,1,2,3,5,6,6,7,6,3,4,4,4,2,3,1,2,3,2,4,5,3,6,5,2,6,6,5,5,6,5,5,2,2,2,2,2,4,2,7,2,1,1,1,6,6,2,3,2,2,4,5,4,1,3,2,2,1,5,7,1,2,4,4
11/1/2022 12:25,11/1/2022 12:29,0,73.214.34.193,100,210,1,11/1/2022 12:29,R_3kh7fZ3IlDHKUHV,,,,,40.1071,-80.7261,anonymous,EN,1,1,1,3,7,6,1,1,5,7,7,7,7,6,1,1,1,1,2,1,1,2,3,3,4,7,3,6,6,4,7,7,7,6,5,5,7,6,6,7,7,5,7,6,1,6,3,6,5,5,7,7,7,7,5,6,1,7,5,5,6,5,1,4,4,1,2,4,4
11/1/2022 12:23,11/1/2022 12:29,0,71.197.41.141,100,358,1,11/1/2022 12:29,R_24tJPSPJ8Uwtisf,,,,,30.1172,-81.4119,anonymous,EN,1,1,2,5,1,1,1,1,1,7,7,7,7,7,6,7,5,5,6,7,1,1,3,1,7,7,2,7,7,3,6,7,7,7,7,7,7,2,1,1,3,1,3,5,6,2,1,1,1,1,5,3,3,3,1,1,1,5,1,1,1,1,1,4,12,2,2,4,4
11/1/2022 12:24,11/1/2022 12:29,0,98.226.163.229,100,317,1,11/1/2022 12:29,R_AdDXgWw7U8iXa2l,,,,,40.772,-89.6572,anonymous,EN,1,1,1,2,5,2,1,2,4,5,7,6,6,7,5,6,6,7,4,7,1,4,3,5,7,7,3,7,7,4,6,7,5,5,6,1,1,1,1,1,1,1,2,3,6,1,1,2,2,1,7,1,7,3,5,7,5,2,1,5,5,1,2,5,10,1,2,4,4
11/1/2022 12:27,11/1/2022 12:29,0,24.107.148.130,100,168,1,11/1/2022 12:29,R_33EaFRKhP2rywDB,,,,,38.5793,-90.422,anonymous,EN,1,1,1,4,1,1,1,1,1,5,6,4,6,6,4,4,4,4,4,4,1,1,3,1,1,7,5,7,4,4,5,6,6,6,4,6,6,2,2,2,2,2,4,2,6,3,2,2,1,2,4,2,1,1,1,1,1,1,1,1,1,1,1,4,3,1,3,5,4
11/1/2022 12:24,11/1/2022 12:30,0,108.45.100.67,100,333,1,11/1/2022 12:30,R_2tmMTSF6bkpNwlI,,,,,38.7741,-77.2385,anonymous,EN,1,1,1,1,7,7,7,7,7,7,7,7,7,7,1,1,1,1,1,1,7,7,3,7,7,7,7,7,7,7,7,1,1,1,1,1,1,1,1,1,1,1,1,1,7,1,1,1,1,1,1,1,1,1,1,1,7,7,7,7,1,1,1,5,5,1,1,1,4
11/1/2022 12:27,11/1/2022 12:30,0,97.127.5.158,100,189,1,11/1/2022 12:30,R_1InJNGUEgxAOQL6,,,,,44.9121,-93.1717,anonymous,EN,1,1,1,3,3,3,3,4,4,4,5,5,6,5,4,5,4,4,4,5,6,4,3,4,4,6,7,6,7,5,6,2,1,2,1,1,1,1,1,1,1,1,4,4,6,3,2,2,1,1,1,2,1,1,2,4,4,4,2,1,1,1,1,4,12,1,3,2,4
11/1/2022 12:25,11/1/2022 12:31,0,73.214.177.178,100,331,1,11/1/2022 12:31,R_8wctStdr7nFVbK9,,,,,40.3052,-79.5418,anonymous,EN,1,1,1,3,7,7,7,5,5,7,7,5,7,7,6,6,7,6,7,7,5,7,3,6,7,6,7,6,7,6,7,7,6,5,5,7,7,4,5,5,4,4,4,4,3,4,1,1,1,5,7,1,4,4,5,5,1,1,1,1,3,1,1,5,6,1,1,1,4
11/1/2022 12:28,11/1/2022 12:31,0,173.90.75.108,100,217,1,11/1/2022 12:31,R_3maxlY9zRG2Z4l3,,,,,40.7961,-81.3798,anonymous,EN,1,1,1,4,4,2,1,3,2,7,7,7,7,7,3,3,3,3,3,2,1,1,3,1,2,7,4,5,5,5,5,3,4,3,2,3,3,3,2,2,2,1,2,2,6,2,2,2,1,2,3,2,3,2,1,2,4,4,1,2,2,1,1,5,2,2,2,4,4
11/1/2022 12:27,11/1/2022 12:32,0,76.187.65.25,100,269,1,11/1/2022 12:32,R_ZKuB5oy30mZHOz7,,,,,33.1371,-96.7488,anonymous,EN,1,1,1,3,3,2,2,2,2,5,5,6,6,6,5,5,5,5,5,4,1,1,3,1,1,6,2,6,6,6,6,7,6,5,4,5,5,1,1,1,1,1,1,1,6,2,1,1,1,2,2,1,1,1,1,1,1,1,1,1,1,1,1,4,4,1,2,4,4
11/1/2022 12:28,11/1/2022 12:32,0,70.170.38.174,100,230,1,11/1/2022 12:32,R_2v1k17mKegbpX8o,,,,,36.2973,-115.2418,anonymous,EN,1,1,1,2,3,3,4,3,3,5,5,5,6,6,4,4,4,4,4,3,2,3,3,3,4,5,2,5,5,4,5,4,5,5,4,4,4,2,2,2,2,2,2,4,3,2,2,3,3,2,4,3,2,2,1,2,3,4,2,3,2,2,3,4,4,1,3,4,4
10/26/2022 12:14,11/1/2022 12:34,0,68.72.209.253,100,519614,1,11/1/2022 12:34,R_1oApjWwRtDdhzZR,,,,,33.1062,-117.2947,anonymous,EN,1,1,1,2,5,3,1,1,2,5,5,4,6,6,5,6,6,5,6,6,1,2,3,1,6,7,5,3,6,6,7,7,5,6,5,7,7,3,3,2,3,5,5,5,3,6,2,2,3,5,5,4,5,2,3,5,3,2,2,5,4,4,1,6,11,1,3,3,
11/1/2022 12:30,11/1/2022 12:34,0,99.14.249.117,100,226,1,11/1/2022 12:34,R_2AM4tyXpFW9OdGh,,,,,35.2701,-81.5306,anonymous,EN,1,1,1,3,5,6,2,2,2,5,5,5,6,5,2,4,3,3,3,2,1,1,3,1,1,6,5,5,6,4,5,2,2,3,3,3,5,2,2,2,2,2,2,2,5,2,2,2,2,2,2,2,2,2,2,2,2,2,2,2,2,2,1,6,9,1,2,3,4
11/1/2022 12:27,11/1/2022 12:34,0,98.109.164.150,100,419,1,11/1/2022 12:34,R_21dCq49IVEcHtsC,,,,,40.8462,-74.7056,anonymous,EN,1,1,1,3,1,1,1,1,1,3,3,6,6,6,5,7,6,6,5,5,1,3,3,2,7,7,2,7,7,4,7,6,6,7,4,6,6,2,2,2,2,2,5,2,5,2,1,1,1,1,4,1,1,1,1,1,4,4,1,1,1,1,1,5,11,1,2,4,4
11/1/2022 12:27,11/1/2022 12:35,0,68.118.158.89,100,479,1,11/1/2022 12:35,R_1Q9pTEmX2eZQApB,,,,,45.7659,-87.089,anonymous,EN,1,1,2,3,1,1,1,1,1,5,6,6,5,6,4,4,6,6,4,4,1,1,3,1,1,4,4,4,6,4,5,4,4,4,4,3,4,4,2,2,1,2,6,4,4,5,2,5,2,5,5,2,2,2,2,2,6,6,3,2,3,1,1,4,12,2,2,5,4
11/1/2022 12:35,11/1/2022 12:38,0,24.91.180.31,100,187,1,11/1/2022 12:38,R_1gBfkVuFyvOPEF5,,,,,42.069,-72.676,anonymous,EN,1,1,2,3,1,1,1,1,1,5,5,5,5,5,4,4,4,4,4,4,1,1,3,1,1,7,6,6,7,4,7,7,7,7,6,7,7,2,1,1,1,1,5,2,7,1,1,1,1,5,7,1,1,1,1,5,1,1,1,1,3,1,1,6,2,1,2,5,4
11/1/2022 12:35,11/1/2022 12:39,0,198.207.210.134,100,274,1,11/1/2022 12:39,R_1ote55KcAfSbXqt,,,,,39.7769,-94.1002,anonymous,EN,1,1,2,3,2,2,2,4,2,7,7,7,7,7,6,6,6,6,5,6,1,5,3,5,1,7,6,7,7,6,7,6,6,6,4,1,1,3,3,3,3,3,5,2,6,3,1,1,1,1,7,1,2,1,1,1,1,1,1,2,2,1,1,3,5,1,1,2,4
11/1/2022 12:37,11/1/2022 12:40,0,24.166.184.128,100,179,1,11/1/2022 12:40,R_3KAXsyGPVUIhdx9,,,,,39.0847,-94.5308,anonymous,EN,1,1,1,2,5,2,4,4,3,4,7,2,7,5,3,7,4,7,2,3,2,5,3,4,4,4,7,3,7,4,5,2,7,2,2,5,4,4,7,4,7,3,4,4,6,7,2,4,5,3,6,3,6,7,5,2,2,5,5,4,2,4,1,4,3,1,2,4,4
11/1/2022 12:38,11/1/2022 12:42,0,73.135.112.68,100,266,1,11/1/2022 12:42,R_1r2IIewxRhJ98yi,,,,,38.3523,-75.5386,anonymous,EN,1,1,2,3,2,3,1,2,2,5,5,6,6,5,2,3,2,2,3,3,3,5,3,5,6,5,4,5,5,3,5,3,3,2,3,2,2,5,3,3,2,3,5,3,3,5,2,3,2,2,5,3,3,3,2,2,3,3,2,2,3,2,2,5,3,1,2,3,4
11/1/2022 12:39,11/1/2022 12:43,0,47.232.2.166,100,222,1,11/1/2022 12:43,R_3iJ7nVRg5gdlwNr,,,,,44.3476,-89.1116,anonymous,EN,1,1,2,3,2,2,1,1,1,5,5,6,6,6,3,5,5,5,3,3,1,1,3,2,5,6,5,7,6,4,7,6,5,7,4,7,7,5,5,3,3,4,6,5,4,5,3,6,6,4,5,2,5,3,2,3,3,3,1,2,2,4,5,4,2,1,2,5,4
11/1/2022 12:40,11/1/2022 12:47,0,67.249.183.203,100,416,1,11/1/2022 12:47,R_2wS10pg3EOvLpAK,,,,,43.0455,-74.8598,anonymous,EN,1,1,1,6,2,2,6,3,2,5,5,5,5,5,6,6,6,6,6,6,4,3,3,3,6,7,5,5,7,5,7,2,3,2,2,1,2,2,1,2,1,1,2,2,6,3,2,2,1,2,3,2,1,1,2,3,6,7,4,3,3,3,1,5,3,3,2,4,4
11/1/2022 12:42,11/1/2022 12:48,0,155.186.98.219,100,372,1,11/1/2022 12:48,R_1mhjMBM84vHTFSO,,,,,34.2423,-117.2748,anonymous,EN,1,1,2,2,3,3,2,4,5,7,7,7,7,7,4,3,5,5,3,3,1,3,3,5,5,7,5,6,6,6,6,5,4,4,4,5,5,1,2,2,2,2,3,3,7,2,1,1,1,2,5,2,2,2,2,2,6,4,2,1,1,2,1,4,12,2,2,4,4
11/1/2022 12:44,11/1/2022 12:48,0,71.203.29.147,100,245,1,11/1/2022 12:48,R_1o250xm0SMfJSI6,,,,,27.2823,-82.419,anonymous,EN,1,1,2,5,1,1,1,1,1,3,5,6,6,6,6,6,7,7,6,6,1,1,3,1,2,7,7,5,6,6,6,2,2,2,2,4,3,1,1,1,1,1,2,2,7,1,1,1,1,1,3,1,1,1,1,1,1,1,1,1,1,1,1,6,11,1,2,4,4
11/1/2022 12:39,11/1/2022 12:52,0,73.214.34.193,100,753,1,11/1/2022 12:52,R_2y12Y7iyxEQTyr7,,,,,40.1071,-80.7261,anonymous,EN,1,1,2,3,5,2,1,1,7,7,7,7,6,7,1,1,1,1,3,5,1,1,3,2,2,7,5,6,6,3,6,5,7,7,6,7,7,1,1,1,2,1,5,6,6,3,1,2,1,1,5,2,1,1,1,2,1,7,1,5,6,3,1,4,4,1,2,4,4
11/1/2022 12:45,11/1/2022 12:52,0,96.232.199.105,100,408,1,11/1/2022 12:52,R_1eS0zT3XhrATOWJ,,,,,40.726,-73.848,anonymous,EN,1,1,1,6,2,2,2,2,2,6,6,6,6,6,4,5,4,4,2,3,1,1,3,1,1,7,6,6,7,6,7,2,2,2,2,1,2,1,1,1,1,1,2,1,6,1,1,1,1,1,2,2,3,1,1,1,6,6,3,1,1,1,1,6,3,3,2,4,4
11/1/2022 12:46,11/1/2022 12:53,0,71.28.173.196,100,438,1,11/1/2022 12:53,R_3PLbdCBfnWglrWW,,,,,38.199,-83.4436,anonymous,EN,1,1,2,5,3,3,1,2,1,7,7,7,7,7,5,5,5,3,5,2,1,1,3,6,4,7,4,7,7,6,7,7,5,5,6,4,4,1,1,1,1,1,1,2,7,1,1,1,1,1,6,1,3,2,1,3,5,5,3,1,1,1,1,4,5,1,2,2,4
11/1/2022 12:53,11/1/2022 12:56,0,74.215.9.228,100,197,1,11/1/2022 12:56,R_smLuPK0BGeEbf7H,,,,,39.0697,-84.2916,anonymous,EN,1,1,2,3,2,1,1,1,2,7,7,6,6,7,5,6,5,5,6,6,7,5,3,6,7,7,6,6,7,6,7,2,1,4,4,3,4,2,2,1,1,1,2,3,7,3,1,1,1,1,1,1,2,1,1,1,6,4,1,2,1,1,1,3,3,6,1,3,4
11/1/2022 12:35,11/1/2022 12:56,0,209.6.244.79,100,1264,1,11/1/2022 12:56,R_50vnJsVLvPLW75L,,,,,42.2796,-71.1282,anonymous,EN,1,1,1,4,5,3,2,5,2,5,6,7,6,6,5,6,7,7,6,6,1,4,3,5,5,6,4,7,6,7,5,5,6,4,4,6,6,2,4,4,4,2,2,4,6,2,4,4,6,4,6,4,4,5,4,4,2,4,3,1,4,2,1,5,5,1,2,4,4
11/1/2022 12:49,11/1/2022 12:56,0,72.131.85.124,100,441,1,11/1/2022 12:56,R_1gCS9I45eAkWl34,,,,,42.5601,-87.8756,anonymous,EN,1,1,2,3,6,6,2,2,5,3,5,6,6,6,5,5,5,5,3,5,1,2,3,5,6,7,5,6,7,6,6,7,6,5,5,5,5,2,2,2,2,2,5,5,6,2,1,2,2,4,2,1,2,2,2,6,4,4,1,2,2,1,1,5,7,1,3,3,4
11/1/2022 12:55,11/1/2022 13:00,0,75.166.231.179,100,332,1,11/1/2022 13:00,R_12RtxjgT3uRerQy,,,,,39.7945,-105.0953,anonymous,EN,1,1,1,4,2,2,1,2,2,6,5,6,5,7,5,6,5,5,6,5,1,2,3,1,2,7,7,7,7,5,7,5,6,5,3,6,6,2,1,1,1,1,5,2,6,2,2,2,2,1,1,1,2,1,1,1,5,5,1,1,1,1,1,4,1,5,2,4,4
11/1/2022 12:53,11/1/2022 13:01,0,73.66.2.36,100,452,1,11/1/2022 13:01,R_26a5dsIoGNHm63X,,,,,38.0296,-121.346,anonymous,EN,1,1,1,4,3,3,3,3,4,7,6,6,6,6,5,5,6,6,4,5,3,3,3,4,6,7,6,6,6,4,6,5,4,3,3,4,4,3,2,3,2,2,5,3,6,2,2,2,3,5,5,2,3,2,2,5,5,6,3,2,2,5,2,4,8,2,2,4,4
11/1/2022 12:58,11/1/2022 13:03,0,108.201.15.80,100,286,1,11/1/2022 13:03,R_33wOf5At2ItIkQW,,,,,39.7184,-82.6073,anonymous,EN,1,1,2,6,1,1,1,1,1,5,5,6,6,6,2,4,1,1,1,1,1,1,3,1,1,7,4,6,6,5,6,1,2,2,1,1,2,3,1,1,1,1,5,3,6,3,1,1,1,1,3,1,1,1,1,2,1,1,1,1,1,1,1,5,2,2,2,4,4
11/1/2022 13:04,11/1/2022 13:13,0,47.135.21.246,100,513,1,11/1/2022 13:13,R_eLFacwRyjtuxr8J,,,,,35.7532,-81.3264,anonymous,EN,1,1,2,5,3,3,2,2,3,5,5,5,5,5,4,4,5,4,4,3,5,5,3,4,3,6,3,5,6,5,6,3,3,3,3,3,3,2,2,2,2,2,5,3,5,3,2,2,2,3,5,2,3,2,2,3,4,4,2,2,3,2,1,4,8,2,1,2,4
11/1/2022 13:14,11/1/2022 13:18,0,96.242.150.215,100,245,1,11/1/2022 13:18,R_2WI6wGX9sSzN0PD,,,,,41.0817,-74.1863,anonymous,EN,1,1,2,3,2,3,1,3,2,5,6,6,5,7,3,2,3,3,2,1,1,2,3,1,2,6,6,7,6,3,5,6,6,7,6,5,5,2,1,2,1,1,3,2,6,3,2,5,2,2,6,1,2,1,2,5,6,6,2,2,1,1,1,4,4,1,3,3,4
11/1/2022 13:43,11/1/2022 13:48,0,47.147.169.114,100,293,1,11/1/2022 13:48,R_33qboaBsKCyDyGW,,,,,34.0264,-117.936,anonymous,EN,1,1,2,3,2,2,5,3,3,6,6,6,6,6,5,5,5,5,6,4,5,6,3,5,6,6,6,6,6,6,6,5,5,5,6,6,6,2,2,2,2,2,2,2,6,2,2,2,2,2,2,2,2,2,2,2,2,2,2,2,2,2,4,4,3,1,2,3,4
11/1/2022 14:00,11/1/2022 14:09,0,174.211.171.232,100,533,1,11/1/2022 14:09,R_3rYPGXlFBCvWZOb,,,,,28.6344,-81.6221,anonymous,EN,1,1,1,2,3,3,2,4,2,6,6,6,7,6,4,4,4,4,4,3,2,1,3,2,4,5,6,5,5,6,6,5,5,6,5,5,6,3,2,2,2,2,3,2,6,2,1,2,2,2,4,2,2,1,1,3,6,5,2,1,1,1,1,4,4,1,3,3,4
11/1/2022 14:01,11/1/2022 14:09,0,50.5.61.225,100,476,1,11/1/2022 14:09,R_3qmWFoEN4pbVGgh,,,,,39.1678,-84.4975,anonymous,EN,1,1,1,2,6,5,5,5,3,2,4,5,3,5,5,3,4,5,5,2,3,4,3,4,6,4,5,5,5,3,5,6,3,5,5,3,5,3,4,6,5,4,4,6,5,5,3,4,5,5,6,6,3,5,6,4,5,4,5,4,5,4,1,5,3,2,2,4,4
11/1/2022 19:53,11/1/2022 20:00,0,69.209.27.95,100,406,1,11/1/2022 20:00,R_Y3rbmY2LLVByBY5,,,,,37.8487,-122.2209,anonymous,EN,1,1,1,3,4,3,2,1,2,7,7,7,7,7,5,5,6,5,4,5,1,3,3,3,6,7,4,6,7,4,5,5,6,6,4,7,7,3,2,2,2,2,5,4,7,5,3,5,3,5,6,3,2,2,3,4,5,6,3,2,3,2,1,3,12,2,2,4,4
10/26/2022 12:06,10/26/2022 12:09,0,68.201.138.145,29,160,0,11/2/2022 12:10,R_AgMPVsDCfShHqyB,,,,,,,anonymous,EN,1,1,1,2,1,1,1,1,1,7,7,7,7,7,,,,,,,,,,,,,,,,,,,,,,,,,,,,,,,,,,,,,,,,,,,,,,,,,,,,,,,
10/26/2022 12:14,10/26/2022 12:14,0,76.227.12.50,5,14,0,11/2/2022 12:14,R_1MKZWcvWI4DeENZ,,,,,,,anonymous,EN,1,,,,,,,,,,,,,,,,,,,,,,,,,,,,,,,,,,,,,,,,,,,,,,,,,,,,,,,,,,,,,,,,,,,,
10/26/2022 12:22,10/26/2022 12:22,0,176.113.98.64,10,6,0,11/2/2022 12:22,R_10AEl8gvhQ72EG1,,,,,,,anonymous,EN,1,1,,,,,,,,,,,,,,,,,,,,,,,,,,,,,,,,,,,,,,,,,,,,,,,,,,,,,,,,,,,,,,,,,,,
10/26/2022 12:11,10/26/2022 13:48,0,72.182.198.99,38,5863,0,11/2/2022 13:48,R_V3SfOHoGltKP5PH,,,,,,,anonymous,EN,1,1,2,4,2,2,2,2,1,6,6,6,6,6,3,3,4,4,3,3,,,,,,6,5,6,5,5,6,,,,,,,,,,,,,,,,,,,,,,,,,,,,,,,,,,,,,,
11/1/2022 12:04,11/1/2022 12:06,0,107.4.50.69,27,102,0,11/8/2022 11:06,R_3iVeykpOKsZKLNF,,,,,,,anonymous,EN,1,1,2,4,4,3,2,4,3,7,7,7,7,7,,,,,,,,,,,,,,,,,,,,,,,,,,,,,,,,,,,,,,,,,,,,,,,,,,,,,,,
11/1/2022 12:06,11/1/2022 12:07,0,73.189.186.35,23,21,0,11/8/2022 11:07,R_VRs4anWt2ocQAEx,,,,,,,anonymous,EN,1,1,1,3,1,1,1,1,1,,,,,,,,,,,,,,,,,,,,,,,,,,,,,,,,,,,,,,,,,,,,,,,,,,,,,,,,,,,,
11/1/2022 12:07,11/1/2022 12:09,0,47.208.75.161,32,108,0,11/8/2022 11:09,R_1OOkja2avHDoWop,,,,,,,anonymous,EN,1,1,1,4,5,5,1,6,1,2,3,5,5,5,5,5,5,5,6,5,,,,,,,,,,,,,,,,,,,,,,,,,,,,,,,,,,,,,,,,,,,,,,,,,
11/1/2022 12:10,11/1/2022 12:14,0,76.138.30.54,41,196,0,11/8/2022 11:14,R_01WCa7h9JKRUVt7,,,,,,,anonymous,EN,1,1,1,2,2,3,1,2,2,5,6,5,5,6,4,4,4,4,4,4,4,3,3,4,4,5,4,5,5,4,4,,,,,,,,,,,,,,,,,,,,,,,,,,,,,,,,,,,,,,
11/1/2022 12:14,11/1/2022 12:15,0,98.204.255.222,23,74,0,11/8/2022 11:15,R_3ptomkBOcpvrqrw,,,,,,,anonymous,EN,1,1,1,2,2,3,1,2,3,,,,,,,,,,,,,,,,,,,,,,,,,,,,,,,,,,,,,,,,,,,,,,,,,,,,,,,,,,,,
11/1/2022 12:13,11/1/2022 12:16,0,50.200.36.186,27,171,0,11/8/2022 11:16,R_3O6N3J2ec3rhdKA,,,,,,,anonymous,EN,1,1,1,3,5,4,3,5,2,5,6,6,6,6,,,,,,,,,,,,,,,,,,,,,,,,,,,,,,,,,,,,,,,,,,,,,,,,,,,,,,,
11/1/2022 12:15,11/1/2022 12:17,0,68.63.20.185,41,96,0,11/8/2022 11:17,R_UW5hGxXQWkbu2E9,,,,,,,anonymous,EN,1,1,1,3,1,1,1,1,1,2,3,2,5,4,7,6,7,7,6,7,1,1,3,1,1,5,4,4,5,5,5,,,,,,,,,,,,,,,,,,,,,,,,,,,,,,,,,,,,,,
11/1/2022 12:18,11/1/2022 12:21,0,12.175.167.146,32,126,0,11/8/2022 11:21,R_0pOD5LXuIHjt2LL,,,,,,,anonymous,EN,1,1,2,3,1,1,2,1,3,7,7,7,7,7,2,3,2,2,2,1,,,,,,,,,,,,,,,,,,,,,,,,,,,,,,,,,,,,,,,,,,,,,,,,,
11/1/2022 12:23,11/1/2022 12:23,0,68.32.41.142,18,30,0,11/8/2022 11:23,R_3qNLF0oBVyxXotl,,,,,,,anonymous,EN,1,1,1,3,,,,,,,,,,,,,,,,,,,,,,,,,,,,,,,,,,,,,,,,,,,,,,,,,,,,,,,,,,,,,,,,,
11/1/2022 12:23,11/1/2022 12:26,0,73.161.247.123,50,172,0,11/8/2022 11:26,R_1DIsHSJSmesLYKf,,,,,,,anonymous,EN,1,1,1,5,5,3,3,2,3,5,5,5,6,6,3,4,4,5,3,4,1,2,3,2,3,6,5,6,6,5,5,2,3,3,3,4,5,3,2,2,2,2,,,,,,,,,,,,,,,,,,,,,,,,,,,
11/1/2022 12:08,11/1/2022 12:29,0,131.106.53.170,50,1267,0,11/8/2022 11:29,R_wSliM6eTFxBJQtz,,,,,,,anonymous,EN,1,1,1,3,2,1,1,2,2,6,7,6,6,7,5,5,5,6,5,4,2,2,3,1,2,7,6,6,7,5,6,5,6,5,5,6,6,5,4,4,4,5,,,,,,,,,,,,,,,,,,,,,,,,,,,
11/1/2022 12:48,11/1/2022 12:49,0,88.107.84.70,23,41,0,11/8/2022 11:49,R_vxHThRuTjDnAClz,,,,,,,anonymous,EN,1,1,2,5,1,1,1,2,1,,,,,,,,,,,,,,,,,,,,,,,,,,,,,,,,,,,,,,,,,,,,,,,,,,,,,,,,,,,,
11/1/2022 12:16,11/1/2022 12:49,0,208.108.81.45,55,1964,0,11/8/2022 11:52,R_3mDjtyfbUA4HkSR,,,,,,,anonymous,EN,1,1,2,3,1,1,1,1,1,7,7,7,7,7,7,7,7,7,7,7,1,7,3,7,4,7,7,7,7,1,7,1,1,1,1,1,1,1,1,1,1,1,1,1,7,1,,,,,,,,,,,,,,,,,,,,,,,
11/1/2022 12:30,11/1/2022 13:08,0,76.185.187.47,18,2325,0,11/8/2022 12:10,R_2UfoNC7NwfOMNwt,,,,,,,anonymous,EN,1,1,1,3,,,,,,,,,,,,,,,,,,,,,,,,,,,,,,,,,,,,,,,,,,,,,,,,,,,,,,,,,,,,,,,,,
11/1/2022 13:22,11/1/2022 13:23,0,24.61.250.106,32,88,0,11/8/2022 12:24,R_1rCVhJb3uUvXvvK,,,,,,,anonymous,EN,1,1,2,3,6,2,1,4,2,5,5,6,6,6,4,3,3,3,3,3,,,,,,,,,,,,,,,,,,,,,,,,,,,,,,,,,,,,,,,,,,,,,,,,,
11/1/2022 13:37,11/1/2022 13:43,0,24.166.208.62,45,313,0,11/8/2022 12:43,R_3KvVkebJYXYWgfw,,,,,,,anonymous,EN,1,1,2,3,3,5,4,3,4,6,7,7,7,7,5,5,5,5,5,5,3,3,3,3,6,6,6,6,7,6,6,4,3,1,1,1,1,,,,,,,,,,,,,,,,,,,,,,,,,,,,,,,,
