StartDate,EndDate,Status,IPAddress,Progress,Duration (in seconds),Finished,RecordedDate,ResponseId,RecipientLastName,RecipientFirstName,RecipientEmail,ExternalReference,LocationLatitude,LocationLongitude,DistributionChannel,UserLanguage,Consent,Q1,Q2,Q3,Q4?Power Distance_1,Q4?Power Distance_2,Q4?Power Distance_3,Q4?Power Distance_4,Q4?Power Distance_5,Q5?_1,Q5?_2,Q5?_3,Q5?_4,Q5?_5,Q6?Collectivism_1,Q6?Collectivism_2,Q6?Collectivism_3,Q6?Collectivism_4,Q6?Collectivism_5,Q6?Collectivism_6,Q8?Masculinity_1,Q8?Masculinity_2,Q8?Masculinity_3,Q8?Masculinity_4,Q8?Masculinity_5,Q7 Long-term_1,Q7 Long-term_2,Q7 Long-term_3,Q7 Long-term_4,Q7 Long-term_5,Q7 Long-term_6,Q9?Indulgence_1,Q9?Indulgence_2,Q9?Indulgence_3,Q9?Indulgence_4,Q9?Indulgence_5,Q9?Indulgence_6,Q10 IBB_1,Q10 IBB_2,Q10 IBB_3,Q10 IBB_4,Q10 IBB_5,Q11 IBB_1,Q11 IBB_2,Q11 IBB_3,Q11 IBB_4,Q12 CBB-1_1,Q12 CBB-1_2,Q12 CBB-1_3,Q12 CBB-1_4,Q12 CBB-1_5,Q12 CBB-1_6,Q14 CBB-2_1,Q14 CBB-2_2,Q14 CBB-2_3,Q14 CBB-2_4,Q14 CBB-2_5,Q15 CBB-3_1,Q15 CBB-3_2,Q15 CBB-3_3,Q15 CBB-3_4,Q15 CBB-3_5,Q17,Q18,Q19,Q24
10/27/2022 14:15,10/27/2022 14:21,0,157.51.39.48,100,330,1,10/27/2022 14:21,R_27vqaoPsPmUgiaR,,,,,12.8996,80.2209,anonymous,EN,1,2,1,2,3,5,1,3,3,6,7,6,6,7,4,5,6,6,5,6,7,3,3,5,7,6,5,6,7,6,6,2,5,6,3,4,4,1,4,2,1,1,1,6,6,5,2,2,6,5,6,2,5,6,5,6,4,4,2,1,1,1,5,7,1,4
10/27/2022 14:24,10/27/2022 14:26,0,103.130.91.188,100,129,1,10/27/2022 14:26,R_2wEQdXWuKrE8oPp,,,,,11.0142,76.9941,anonymous,EN,1,2,1,2,5,3,6,4,4,5,6,6,5,5,5,6,6,5,5,6,5,6,3,6,6,5,6,5,6,5,6,5,5,5,3,5,5,5,6,6,6,6,5,6,6,6,5,6,6,5,6,6,5,6,6,5,6,5,6,6,5,6,5,9,1,4
10/27/2022 14:21,10/27/2022 14:27,0,171.61.105.96,100,346,1,10/27/2022 14:27,R_2v63MTv2PmKKSnE,,,,,12.9634,77.5855,anonymous,EN,1,2,1,3,4,4,4,4,4,5,5,7,7,7,4,4,4,4,4,4,4,4,3,4,7,7,5,6,7,4,7,4,4,5,5,7,6,4,5,5,5,4,5,5,4,7,7,5,4,7,4,6,5,5,4,4,4,4,4,4,4,4,5,3,1,4
10/27/2022 14:31,10/27/2022 14:36,0,122.178.125.235,100,297,1,10/27/2022 14:36,R_z2TSqhV49c5fkn7,,,,,9.9327,78.1141,anonymous,EN,1,2,2,3,7,6,5,6,7,5,6,7,6,5,6,5,6,7,6,5,6,7,3,6,7,6,5,6,7,6,5,6,5,6,7,5,6,5,6,5,6,7,6,5,6,7,7,6,5,6,7,6,6,5,6,7,6,5,7,6,6,5,6,12,1,4
10/27/2022 15:29,10/27/2022 15:43,0,103.95.81.110,100,855,1,10/27/2022 15:44,R_25i2lXchPkYbwfT,,,,,26.4969,80.3246,anonymous,EN,1,2,1,3,3,5,5,2,3,7,7,7,7,7,5,2,6,6,5,6,7,5,3,6,7,6,7,7,7,6,7,3,6,6,5,2,5,2,2,1,1,1,5,2,7,2,2,1,1,2,6,6,6,1,1,5,1,2,1,1,1,1,6,4,1,4
10/27/2022 17:34,10/27/2022 17:50,0,157.49.150.239,100,982,1,10/27/2022 17:50,R_1d4ExoRJWB5EDaT,,,,,12.8996,80.2209,anonymous,EN,1,2,1,3,5,3,1,2,3,7,7,7,7,7,5,7,7,7,5,7,7,4,3,4,7,7,7,7,7,7,7,7,4,5,4,3,2,1,1,1,1,1,1,1,7,1,1,1,1,1,6,2,2,1,1,2,4,4,1,1,1,2,6,7,1,4
10/27/2022 18:15,10/27/2022 18:20,0,43.227.130.161,100,312,1,10/27/2022 18:20,R_3h3FlKLNaIEwN0R,,,,,19.0019,83.7957,anonymous,EN,1,2,2,3,4,4,3,5,5,6,5,5,6,6,5,6,6,7,6,7,5,6,3,6,5,6,5,6,7,6,5,7,6,5,7,6,5,6,5,6,7,6,6,5,6,6,6,5,6,6,7,6,6,6,5,6,3,6,5,3,3,2,6,3,1,4
10/27/2022 18:29,10/27/2022 18:36,0,117.99.255.204,100,419,1,10/27/2022 18:36,R_YWHZASO0lf14FLH,,,,,18.9721,72.8246,anonymous,EN,1,2,1,3,3,2,3,3,4,5,5,4,5,4,5,5,4,5,4,4,2,2,3,2,3,6,6,5,6,6,6,4,5,5,4,4,4,3,3,2,2,2,2,2,6,2,2,3,3,2,5,3,3,2,3,5,3,2,2,3,2,2,5,5,1,4
10/27/2022 18:41,10/27/2022 18:43,0,122.179.248.231,100,125,1,10/27/2022 18:43,R_cZVjav8gHpYrv69,,,,,11.0142,76.9941,anonymous,EN,1,2,1,3,6,5,7,6,7,7,5,6,5,7,6,7,5,6,5,6,6,7,3,6,7,6,5,7,6,7,6,6,7,5,6,6,7,7,6,7,5,6,5,7,6,6,6,7,5,6,7,6,6,5,7,6,7,6,7,5,6,6,5,3,1,4
10/27/2022 18:31,10/27/2022 18:50,0,122.178.29.10,100,1146,1,10/27/2022 18:50,R_1Nxh3k0eOMs7cSx,,,,,11.0142,76.9941,anonymous,EN,1,2,2,2,6,7,6,7,6,7,6,7,6,7,7,6,7,6,7,6,7,6,3,6,7,7,6,7,6,7,6,7,6,7,6,7,6,7,6,7,6,7,7,6,7,6,7,6,7,6,7,6,7,6,7,6,7,7,6,7,6,7,5,1,1,4
10/27/2022 18:42,10/27/2022 18:51,0,122.178.250.53,100,503,1,10/27/2022 18:51,R_10qGCrIW4fpEY4d,,,,,9.9327,78.1141,anonymous,EN,1,2,2,2,6,5,7,6,7,6,5,7,6,6,6,5,7,6,7,6,6,5,3,6,7,6,5,7,6,6,6,7,6,7,5,6,6,6,5,7,6,7,5,6,5,7,5,7,6,7,5,6,6,7,7,5,6,5,7,6,7,5,5,6,1,4
10/27/2022 18:50,10/27/2022 18:52,0,122.178.99.191,100,129,1,10/27/2022 18:52,R_2EBoM1lEZ3becEz,,,,,11.0142,76.9941,anonymous,EN,1,2,1,2,6,5,7,6,7,6,5,6,6,7,6,5,7,6,7,5,6,5,3,6,7,6,5,7,6,7,6,6,5,7,6,7,6,6,5,7,6,7,6,5,7,6,6,5,6,6,7,6,6,5,7,6,7,6,5,7,6,7,5,3,1,4
10/27/2022 18:34,10/27/2022 18:57,0,136.185.163.177,100,1329,1,10/27/2022 18:57,R_sGLhD0wmCXeUfkJ,,,,,12.9634,77.5855,anonymous,EN,1,2,1,3,6,7,5,7,5,6,7,6,7,6,6,7,5,7,6,7,7,6,3,6,7,6,7,5,7,6,7,6,7,5,7,6,7,6,7,5,7,6,7,6,7,6,6,7,5,7,6,7,7,6,7,5,7,7,6,7,5,7,5,3,1,4
10/27/2022 18:54,10/27/2022 18:57,0,122.178.39.142,100,184,1,10/27/2022 18:57,R_3mfxG0iYdu1FrhU,,,,,11.0142,76.9941,anonymous,EN,1,2,1,2,6,5,7,6,7,6,5,7,6,7,6,5,7,6,7,5,6,5,3,6,7,6,5,6,7,5,7,6,5,7,6,7,6,6,5,7,6,7,6,5,6,7,6,5,7,6,7,6,6,5,7,6,7,6,5,7,5,7,5,3,1,4
10/27/2022 18:37,10/27/2022 18:59,0,122.178.28.236,100,1324,1,10/27/2022 18:59,R_1JXaqirF9wOtyed,,,,,11.0142,76.9941,anonymous,EN,1,2,1,2,6,5,7,6,5,6,5,7,6,5,6,5,7,6,5,6,6,5,3,7,6,6,5,7,7,7,6,6,5,7,6,5,6,6,5,7,6,7,6,5,6,7,6,5,7,6,5,6,6,5,7,6,5,6,5,7,6,5,6,7,1,4
10/27/2022 18:49,10/27/2022 19:05,0,110.235.236.192,100,949,1,10/27/2022 19:05,R_1N9c4LplFuhhHyC,,,,,18.0495,78.2601,anonymous,EN,1,2,1,4,6,6,3,3,3,6,6,6,7,7,5,5,5,5,5,5,6,4,3,5,5,5,5,5,6,6,7,5,3,5,5,7,7,5,6,5,5,3,5,5,5,3,3,3,5,5,5,5,5,5,2,5,3,3,3,3,3,3,6,1,6,4
10/27/2022 18:52,10/27/2022 19:10,0,122.178.228.14,100,1080,1,10/27/2022 19:10,R_0wWzKxUoiTMzX0d,,,,,11.0142,76.9941,anonymous,EN,1,2,2,2,6,7,5,6,5,5,6,5,7,6,6,5,7,6,7,5,6,7,3,5,6,6,5,7,6,7,5,7,5,6,5,7,6,6,5,7,6,7,6,5,7,6,5,7,6,7,5,6,5,7,6,7,5,6,7,6,7,6,5,6,1,4
10/27/2022 19:28,10/27/2022 19:33,0,49.37.224.110,100,285,1,10/27/2022 19:33,R_sumU5Ps9kzYpK6Z,,,,,9.9185,76.2558,anonymous,EN,1,2,2,3,6,6,5,5,6,6,5,6,6,6,6,6,6,6,5,6,6,6,5,6,6,6,6,5,7,6,6,6,5,6,6,6,7,6,6,5,5,6,7,6,6,5,6,5,6,7,6,6,6,6,6,7,7,6,7,6,5,5,5,1,1,4
10/27/2022 20:17,10/27/2022 20:29,0,117.96.214.237,100,768,1,10/27/2022 20:29,R_tYElrxtbpyAjkFr,,,,,9.9327,78.1141,anonymous,EN,1,2,2,3,6,3,6,2,4,6,5,7,7,6,7,5,6,6,7,5,7,5,3,6,6,7,6,6,5,7,6,5,7,6,4,3,4,4,6,5,5,6,7,4,7,5,6,4,5,6,6,5,5,3,6,5,6,2,5,4,2,3,6,3,1,4
10/27/2022 20:20,10/27/2022 20:32,0,202.21.43.170,100,736,1,10/27/2022 20:32,R_1mxQeFtHumZXlM7,,,,,12.8996,80.2209,anonymous,EN,1,2,1,3,6,6,6,5,5,5,6,6,6,6,6,6,5,5,6,4,6,5,3,5,7,7,5,6,6,6,6,5,5,4,5,1,4,5,4,3,1,5,4,6,6,4,5,4,4,5,6,7,5,5,6,6,4,5,4,3,4,4,5,4,1,4
10/27/2022 20:37,10/27/2022 21:06,0,136.185.31.183,100,1736,1,10/27/2022 21:06,R_2DOk16mHukshJaW,,,,,11.0142,76.9941,anonymous,EN,1,2,1,2,6,5,6,7,4,7,5,7,6,6,5,7,6,5,7,6,5,7,3,4,6,6,5,7,6,5,7,7,5,7,6,5,7,6,5,7,6,5,5,7,6,5,5,7,6,5,7,6,6,5,7,6,5,6,5,7,6,5,6,5,1,4
10/27/2022 21:17,10/27/2022 21:26,0,122.173.24.99,100,549,1,10/27/2022 21:26,R_9pPebWqOIiFdF85,,,,,30.7339,76.7889,anonymous,EN,1,2,1,2,2,2,1,2,3,6,6,5,6,6,6,5,6,6,5,6,2,2,3,6,4,7,6,7,6,5,6,6,5,6,6,6,6,2,2,1,2,2,3,2,6,2,2,3,2,2,6,3,2,3,2,6,4,2,2,1,2,1,6,11,1,4
10/27/2022 21:19,10/27/2022 21:33,0,77.111.246.19,100,801,1,10/27/2022 21:33,R_2ClXaZitT8SQifo,,,,,37.751,-97.822,anonymous,EN,1,2,1,3,5,6,2,6,4,7,7,7,7,7,2,4,2,2,2,1,7,6,3,2,7,7,3,7,4,2,5,6,6,6,4,5,5,1,1,1,1,1,1,1,7,2,1,1,1,1,5,2,1,3,1,2,4,4,1,2,2,1,4,3,6,4
10/27/2022 22:15,10/27/2022 22:19,0,59.92.143.30,100,198,1,10/27/2022 22:19,R_3ewXB7GCtWAaiEh,,,,,11.8785,79.8191,anonymous,EN,1,2,1,3,4,4,4,4,4,4,4,4,4,4,4,4,4,4,4,4,4,4,3,4,4,4,4,4,4,4,4,4,4,4,4,4,4,4,4,4,4,4,4,4,4,4,4,4,4,4,4,4,4,4,4,4,4,4,4,4,4,4,5,1,1,4
10/27/2022 23:03,10/27/2022 23:08,0,182.68.243.156,100,312,1,10/27/2022 23:08,R_2CIh0Bmq29YTWFD,,,,,22.717,75.8337,anonymous,EN,1,2,1,3,3,2,3,2,3,6,7,6,7,7,6,7,7,7,4,5,6,7,3,6,7,7,5,7,6,3,7,3,2,3,2,1,1,3,6,6,6,7,6,7,3,5,5,6,6,6,7,7,6,7,6,7,5,6,6,7,7,6,6,1,1,4
10/27/2022 23:18,10/27/2022 23:29,0,27.63.213.142,100,621,1,10/27/2022 23:29,R_20YBZv4bWyD3BLc,,,,,9.9185,76.2558,anonymous,EN,1,2,1,2,6,6,2,4,3,6,7,6,7,7,6,7,6,6,6,6,1,4,3,2,1,7,6,7,7,6,7,3,4,5,5,4,2,2,2,1,2,1,2,1,6,1,1,1,1,2,6,4,2,2,1,6,1,1,1,1,1,1,6,5,1,4
10/28/2022 0:29,10/28/2022 0:42,0,49.204.140.151,100,742,1,10/28/2022 0:42,R_33lMNcqjWor8ew5,,,,,12.8996,80.2209,anonymous,EN,1,2,1,2,2,1,1,3,3,6,7,7,7,7,6,5,6,5,5,4,6,3,3,5,6,7,7,6,7,6,7,6,7,6,7,6,6,5,6,2,5,1,6,6,7,4,6,4,5,6,5,6,6,5,4,5,6,5,6,3,5,6,5,3,1,4
10/28/2022 1:11,10/28/2022 1:22,0,49.205.81.100,100,689,1,10/28/2022 1:22,R_3PLW4BMZRdPxC88,,,,,12.8996,80.2209,anonymous,EN,1,2,1,4,6,6,6,6,4,6,7,7,7,7,7,7,7,7,7,7,5,4,3,5,6,7,6,7,7,6,7,6,5,6,5,7,6,5,5,3,2,1,2,2,7,1,4,3,5,5,3,4,5,3,1,4,2,5,4,1,4,3,6,6,1,4
10/28/2022 1:42,10/28/2022 1:59,0,103.53.53.42,100,998,1,10/28/2022 1:59,R_2ZOnp3j4rDTKj5I,,,,,11.6602,78.1532,anonymous,EN,1,2,1,4,3,4,1,6,1,7,7,7,7,7,1,7,7,7,4,1,1,1,3,1,1,7,3,3,7,4,7,5,4,5,7,1,1,4,4,2,2,2,4,5,6,2,1,1,6,4,5,4,7,2,2,2,1,1,1,1,1,1,5,5,1,4
10/28/2022 1:59,10/28/2022 2:06,0,49.32.190.113,100,387,1,10/28/2022 2:06,R_20ZlHvzD7Rxd5ID,,,,,19.0748,72.8856,anonymous,EN,1,2,2,2,6,5,7,6,7,6,5,7,6,7,6,7,6,5,6,7,6,7,3,5,6,6,5,7,6,7,6,6,5,7,6,7,6,6,5,7,6,7,6,5,7,6,7,6,5,6,5,7,1,7,6,7,1,2,1,2,3,2,6,3,1,4
10/28/2022 3:53,10/28/2022 3:59,0,103.166.245.249,100,337,1,10/28/2022 3:59,R_DCNpUmfekgNLyyB,,,,,10.516,76.2157,anonymous,EN,1,2,1,5,6,5,2,3,2,7,7,7,6,6,6,6,6,6,6,6,2,3,3,5,3,7,6,6,6,3,6,3,3,3,3,1,1,5,3,3,3,3,2,2,5,2,2,2,2,2,2,2,2,2,2,2,2,2,2,2,2,2,5,7,1,4
10/28/2022 5:52,10/28/2022 5:56,0,103.113.190.46,100,274,1,10/28/2022 5:56,R_2ASFAw0gZ2JstYu,,,,,9.9327,78.1141,anonymous,EN,1,2,1,1,3,2,3,4,4,6,7,6,7,6,6,7,6,7,6,7,6,7,5,7,6,5,6,7,6,5,7,7,6,5,6,5,4,6,5,6,5,6,6,7,6,7,6,5,6,5,6,5,6,5,6,5,6,5,6,5,6,5,6,3,1,4
10/28/2022 6:21,10/28/2022 6:25,0,106.211.207.70,100,232,1,10/28/2022 6:25,R_3mmygLvXhqHaTjn,,,,,9.9327,78.1141,anonymous,EN,1,1,2,2,5,3,2,3,3,5,6,5,6,6,5,6,5,5,6,5,6,5,3,5,5,5,6,5,5,5,6,5,5,6,6,6,5,5,7,3,4,5,5,5,5,6,5,4,5,5,6,6,6,5,6,6,5,5,6,5,6,6,5,3,2,4
10/28/2022 7:12,10/28/2022 7:18,0,183.82.178.92,100,374,1,10/28/2022 7:18,R_2TSF8KbUjPKAi8l,,,,,12.8996,80.2209,anonymous,EN,1,2,1,3,3,1,1,3,2,5,7,6,6,7,6,5,7,7,6,7,5,4,3,3,7,6,4,6,7,6,7,2,3,3,3,2,3,1,1,2,2,1,1,2,7,1,3,2,3,1,3,3,1,2,2,3,5,5,4,1,1,2,5,12,2,4
10/28/2022 19:32,10/28/2022 19:42,0,45.121.2.133,100,596,1,10/28/2022 19:42,R_SGKPFfP5QsCYp2x,,,,,20.2706,85.8334,anonymous,EN,1,2,1,3,5,3,2,5,3,6,6,6,6,6,5,6,6,6,5,5,6,4,3,5,6,6,5,6,6,4,5,6,6,5,6,4,5,4,6,4,6,3,5,5,6,4,5,3,3,3,4,6,5,4,3,6,4,3,3,2,3,2,5,11,1,4
10/28/2022 23:36,10/28/2022 23:47,0,117.253.182.153,100,670,1,10/28/2022 23:47,R_3fPic5FkD3oJIPB,,,,,11.6602,78.1532,anonymous,EN,1,2,2,2,6,4,5,3,3,5,7,5,4,6,6,4,5,7,6,4,6,5,3,5,5,5,6,7,5,4,6,3,6,5,4,6,5,7,5,6,4,5,7,5,4,6,7,4,5,6,4,5,6,4,5,4,6,4,6,5,3,5,5,12,1,4
10/29/2022 2:44,10/29/2022 2:57,0,117.196.82.208,100,795,1,10/29/2022 2:57,R_2wLxh0DseAqWuT4,,,,,23.0276,72.5871,anonymous,EN,1,2,2,3,1,2,1,1,2,6,7,7,7,7,6,6,7,5,7,6,2,1,3,2,6,7,7,7,6,4,6,2,3,2,2,1,1,1,1,1,1,1,2,2,6,2,1,1,1,4,6,1,6,3,1,5,1,6,1,2,2,1,5,6,2,4
10/29/2022 22:49,10/29/2022 22:54,0,103.177.234.67,100,250,1,10/29/2022 22:54,R_1F38LQzCUbrn8OS,,,,,12.9634,77.5855,anonymous,EN,1,2,1,2,5,5,3,5,4,5,6,4,5,5,5,4,5,5,4,5,5,4,3,6,5,7,5,6,5,5,5,6,5,5,4,5,5,5,5,6,4,5,6,5,5,6,6,5,5,4,5,5,6,5,4,5,5,5,4,5,5,5,5,3,1,4
10/31/2022 2:33,10/31/2022 2:39,0,117.217.215.126,100,382,1,10/31/2022 2:39,R_2Cg4uDPWhcbpxnH,,,,,12.8996,80.2209,anonymous,EN,1,2,1,3,1,1,1,1,1,7,7,7,7,7,7,7,7,7,7,7,7,6,3,6,7,7,7,7,7,3,7,7,7,7,7,1,1,1,1,1,1,1,1,1,7,1,2,1,1,2,7,3,3,5,1,6,1,1,5,1,1,7,6,5,1,4
10/31/2022 20:27,10/31/2022 20:29,0,117.98.164.72,100,119,1,10/31/2022 20:29,R_2rMZH6VrhOmLPJO,,,,,9.9327,78.1141,anonymous,EN,1,2,1,3,5,6,5,6,5,5,6,5,5,6,5,6,5,6,5,6,5,6,3,5,6,5,6,5,6,5,6,5,6,5,5,6,5,5,6,5,6,5,5,6,5,6,5,5,6,5,6,5,5,6,5,6,5,5,6,5,5,6,5,1,1,4
10/31/2022 20:28,10/31/2022 20:30,0,223.181.220.18,100,116,1,10/31/2022 20:30,R_10SepWXAa8ZXgHO,,,,,11.0142,76.9941,anonymous,EN,1,2,2,2,6,5,7,5,6,6,5,7,5,6,5,6,7,5,6,7,5,6,7,5,6,6,6,7,6,7,6,6,7,6,7,6,7,5,6,7,5,6,5,6,7,6,5,6,7,5,6,7,5,6,7,6,7,6,7,6,7,6,1,12,1,4
10/31/2022 20:27,10/31/2022 20:30,0,49.37.199.127,100,163,1,10/31/2022 20:30,R_1KpvjZKo3ttD067,,,,,11.0142,76.9941,anonymous,EN,1,2,1,2,7,6,6,7,7,7,5,6,7,7,7,6,6,7,7,7,7,7,6,6,7,7,7,6,6,7,7,7,6,6,7,6,7,3,4,5,5,4,7,6,7,7,7,6,6,6,6,7,7,7,5,5,7,1,2,3,4,5,5,5,1,4
10/31/2022 20:28,10/31/2022 20:30,0,106.216.130.71,100,147,1,10/31/2022 20:30,R_1H77fAmrsEcw9FY,,,,,10.516,76.2157,anonymous,EN,1,2,1,3,6,5,7,3,5,5,6,4,5,3,3,5,3,4,5,6,4,5,3,4,3,6,5,6,4,6,5,3,6,6,4,6,5,3,5,6,5,6,4,4,5,5,4,5,4,6,5,5,4,6,4,6,6,4,4,5,5,5,6,1,1,4
10/31/2022 20:29,10/31/2022 20:31,0,157.49.223.162,100,123,1,10/31/2022 20:31,R_2aP6wCmGbwjHZ5v,,,,,12.8996,80.2209,anonymous,EN,1,2,1,2,5,6,5,5,6,4,4,5,5,6,5,5,6,5,6,5,4,5,3,4,5,3,4,5,5,7,6,5,5,4,5,5,5,5,5,7,5,5,4,5,6,5,5,6,5,6,5,6,5,6,4,5,6,5,6,5,6,5,5,9,1,4
10/31/2022 20:30,10/31/2022 20:31,0,136.185.175.147,100,89,1,10/31/2022 20:31,R_2vYO9Nf3MHa3pth,,,,,12.9634,77.5855,anonymous,EN,1,2,1,3,6,7,6,7,6,6,7,6,7,6,6,7,6,7,6,7,6,7,6,7,6,5,6,7,6,5,7,5,6,7,6,5,7,5,6,7,6,5,5,6,7,6,7,6,6,7,6,7,5,6,7,6,7,5,6,7,6,7,6,10,1,4
10/31/2022 20:27,10/31/2022 20:32,0,106.195.32.106,100,243,1,10/31/2022 20:32,R_0iBsGHKUMMK63Ad,,,,,12.8996,80.2209,anonymous,EN,1,2,1,2,6,2,6,2,6,6,5,6,6,6,6,5,6,6,6,6,6,7,3,6,6,6,6,5,6,6,6,6,5,6,6,6,3,6,7,6,6,5,6,7,6,5,4,6,6,6,7,6,6,6,5,6,2,6,5,2,5,6,5,4,2,4
10/31/2022 20:29,10/31/2022 20:32,0,122.174.221.98,100,153,1,10/31/2022 20:32,R_2uqPWWMMmxZy28b,,,,,12.8996,80.2209,anonymous,EN,1,2,1,2,6,4,5,4,4,4,5,4,5,5,6,5,6,5,6,5,5,4,3,5,5,5,4,5,5,5,5,6,5,6,5,6,5,6,5,4,5,5,6,5,6,5,6,5,6,5,5,5,6,5,6,5,6,6,5,6,5,6,5,1,1,4
10/31/2022 20:27,10/31/2022 20:32,0,171.61.173.183,100,262,1,10/31/2022 20:32,R_2toiJOWOAO2QsXw,,,,,12.8996,80.2209,anonymous,EN,1,2,1,3,6,1,1,5,3,7,7,7,7,7,6,7,7,7,7,7,2,6,3,1,6,7,6,7,7,2,7,7,6,4,2,1,4,2,1,1,1,1,1,5,7,1,2,1,1,2,5,2,2,1,1,1,1,1,1,1,1,1,6,12,1,4
10/31/2022 20:29,10/31/2022 20:32,0,157.46.74.38,100,195,1,10/31/2022 20:32,R_3nDcqhpwYxv2uyy,,,,,12.8996,80.2209,anonymous,EN,1,2,2,2,5,6,5,6,5,5,6,7,6,6,6,5,6,7,6,6,6,6,3,6,6,5,6,5,6,7,7,5,6,7,6,5,6,6,5,6,7,6,6,5,7,6,5,6,7,6,6,6,5,6,6,5,6,6,5,6,6,6,5,3,2,4
10/31/2022 20:30,10/31/2022 20:32,0,122.161.250.129,100,89,1,10/31/2022 20:32,R_3FW3cks2B14Ks2C,,,,,11.0142,76.9941,anonymous,EN,1,2,1,2,6,7,6,5,6,5,6,5,6,7,6,6,5,6,7,7,5,6,3,5,6,5,6,7,6,5,6,5,6,7,6,5,6,5,6,7,6,7,5,6,5,6,5,7,6,6,5,6,5,6,7,5,6,5,6,5,6,7,5,5,1,4
10/31/2022 20:28,10/31/2022 20:32,0,122.174.220.242,100,233,1,10/31/2022 20:32,R_3CZNZcK2c0ESrpr,,,,,12.8996,80.2209,anonymous,EN,1,2,1,2,6,6,5,4,5,6,4,5,5,6,5,4,6,5,5,4,6,5,3,5,6,5,6,6,6,4,5,6,7,5,5,6,4,6,5,4,6,5,6,6,5,6,5,5,6,6,6,6,6,5,6,6,5,6,4,4,6,6,5,1,1,4
10/31/2022 20:28,10/31/2022 20:32,0,117.99.197.187,100,263,1,10/31/2022 20:32,R_9QviYZYf0ssWnpD,,,,,17.411,78.4487,anonymous,EN,1,2,1,2,5,7,5,7,7,6,7,6,6,7,7,5,7,6,7,5,7,5,3,7,7,6,7,5,6,7,6,6,5,5,4,4,6,6,7,4,6,5,6,6,6,7,5,7,5,6,6,7,6,6,4,6,7,6,7,5,4,7,4,12,1,4
10/31/2022 20:30,10/31/2022 20:32,0,49.204.130.20,100,132,1,10/31/2022 20:32,R_3HvufCCR0ubtnwI,,,,,12.8996,80.2209,anonymous,EN,1,2,1,2,4,3,5,4,5,5,3,5,4,5,3,4,3,6,4,5,6,4,3,5,4,4,6,3,4,5,4,6,5,3,4,4,3,5,3,4,3,4,3,2,5,4,6,5,5,3,6,3,5,3,5,4,4,3,2,5,4,4,5,5,1,4
10/31/2022 20:30,10/31/2022 20:32,0,122.178.33.214,100,122,1,10/31/2022 20:32,R_2w65ftwmp2WrU8n,,,,,9.9327,78.1141,anonymous,EN,1,2,1,3,6,7,6,7,6,6,2,6,2,6,6,2,6,2,6,2,6,2,6,2,6,6,2,6,2,6,2,2,6,2,6,2,6,2,6,2,6,2,2,6,2,6,2,6,2,6,2,6,2,6,2,6,2,2,6,2,6,2,5,6,1,4
10/31/2022 20:30,10/31/2022 20:33,0,117.96.219.130,100,146,1,10/31/2022 20:33,R_2upSe2HyKzR7NBN,,,,,11.0142,76.9941,anonymous,EN,1,2,2,3,6,7,6,7,6,6,7,6,7,6,6,7,6,7,6,7,6,7,6,7,6,6,7,6,7,6,7,6,7,6,7,6,7,6,7,6,7,6,6,7,6,7,6,7,6,7,6,7,6,7,6,7,6,6,7,6,7,6,5,11,2,4
10/31/2022 20:31,10/31/2022 20:33,0,117.98.165.168,100,106,1,10/31/2022 20:33,R_2D8fY6p7TWf1WY4,,,,,11.0142,76.9941,anonymous,EN,1,2,1,3,5,6,5,6,5,5,6,5,6,5,5,6,5,6,5,6,5,6,3,6,5,5,6,5,6,5,6,5,6,5,6,5,6,5,6,5,6,5,5,6,6,5,5,6,5,6,5,6,5,6,5,6,5,4,5,6,5,6,5,1,1,4
10/31/2022 20:30,10/31/2022 20:33,0,136.185.138.48,100,188,1,10/31/2022 20:33,R_0ewd42qK104JUY1,,,,,12.9634,77.5855,anonymous,EN,1,2,1,2,7,6,7,6,7,6,7,6,6,7,7,7,6,7,6,7,6,7,3,6,7,6,7,6,7,6,7,6,7,6,7,6,7,6,7,6,7,6,6,7,6,7,6,7,7,6,7,6,6,7,7,7,7,6,7,6,7,6,5,1,2,4
10/31/2022 20:29,10/31/2022 20:33,0,106.197.99.210,100,245,1,10/31/2022 20:33,R_1DXSjPO0aZT4HAz,,,,,12.8996,80.2209,anonymous,EN,1,2,2,3,6,5,7,6,4,6,5,7,6,5,6,5,7,6,4,6,6,5,3,7,5,6,5,7,6,4,6,6,5,7,6,4,6,6,5,4,6,5,6,7,5,4,6,5,6,7,5,4,6,5,6,7,5,6,5,7,6,4,5,3,1,4
10/31/2022 20:29,10/31/2022 20:33,0,122.174.220.249,100,265,1,10/31/2022 20:33,R_22X1zULMdekcZIm,,,,,12.8996,80.2209,anonymous,EN,1,2,1,2,5,4,6,4,3,6,5,6,6,5,5,5,6,7,5,6,5,6,3,5,5,6,5,6,7,6,6,5,5,7,6,5,6,6,5,6,6,3,5,6,5,4,5,6,6,5,6,6,7,5,6,6,6,6,5,4,6,6,5,1,1,4
10/31/2022 20:29,10/31/2022 20:33,0,103.58.65.146,100,266,1,10/31/2022 20:33,R_6XcfhkoIa8bQ73r,,,,,11.6602,78.1532,anonymous,EN,1,2,1,2,5,6,5,4,6,5,4,5,6,5,6,5,4,6,5,6,5,6,3,5,4,4,5,5,5,4,6,6,5,4,5,6,5,4,5,5,6,4,4,5,6,5,6,4,4,5,3,5,6,5,4,5,4,5,4,5,3,4,5,12,1,4
10/31/2022 20:28,10/31/2022 20:33,0,122.178.241.161,100,306,1,10/31/2022 20:33,R_1QtKU0hQCjacKSo,,,,,11.0142,76.9941,anonymous,EN,1,2,1,2,6,5,4,4,5,6,5,4,5,5,6,5,4,4,5,4,6,5,3,6,5,6,5,4,5,4,5,6,5,4,4,5,5,6,5,5,4,5,6,5,4,5,6,5,4,5,5,5,6,5,4,4,5,5,6,5,4,5,5,6,1,4
10/31/2022 20:31,10/31/2022 20:33,0,117.98.166.196,100,144,1,10/31/2022 20:33,R_2wtnKOyy8wDK1wR,,,,,9.2612,76.7833,anonymous,EN,1,2,1,3,4,5,5,6,7,5,6,7,7,5,5,6,6,5,6,5,5,6,3,6,7,5,7,6,7,6,7,6,5,6,5,7,5,7,5,4,6,4,6,5,6,7,6,5,7,6,5,7,5,5,6,6,7,5,6,7,6,5,5,1,1,4
10/31/2022 20:31,10/31/2022 20:33,0,157.49.95.164,100,148,1,10/31/2022 20:33,R_1Ebr9HS5ZhxT4rl,,,,,12.8996,80.2209,anonymous,EN,1,2,1,2,5,5,6,5,6,4,5,4,5,5,5,6,5,6,5,6,5,5,3,5,5,5,4,5,6,5,6,4,5,4,5,4,5,5,5,6,5,6,5,6,5,6,5,6,5,6,5,6,4,5,5,6,5,4,5,5,4,5,5,9,1,4
10/31/2022 20:28,10/31/2022 20:33,0,122.174.220.220,100,312,1,10/31/2022 20:33,R_3LYmt7UkQKJMjzf,,,,,12.8996,80.2209,anonymous,EN,1,2,1,2,6,7,6,7,6,7,6,7,6,7,6,7,6,7,6,7,7,7,3,6,7,6,7,6,7,6,7,7,6,6,7,6,7,6,7,6,7,6,6,7,6,7,6,7,6,6,7,7,6,7,6,7,6,6,7,6,7,6,5,12,1,4
10/31/2022 20:32,10/31/2022 20:34,0,122.178.178.21,100,84,1,10/31/2022 20:34,R_3O1VIOHXIwT3pwT,,,,,11.0142,76.9941,anonymous,EN,1,2,2,3,5,6,5,6,7,4,5,6,7,6,5,5,6,5,6,7,5,5,3,5,6,5,5,6,5,4,5,5,6,5,4,5,6,5,6,5,4,5,5,6,5,6,5,6,5,4,5,6,5,6,5,6,5,5,6,5,4,5,5,3,1,4
10/31/2022 20:32,10/31/2022 20:34,0,122.178.33.195,100,117,1,10/31/2022 20:34,R_1mg5fdc9IgrUGx4,,,,,9.9327,78.1141,anonymous,EN,1,2,1,3,5,6,7,6,7,5,6,7,6,7,5,6,7,6,7,6,7,6,5,6,7,5,6,7,6,5,6,7,6,5,6,7,6,5,6,7,6,5,7,6,5,6,5,6,7,6,7,6,5,6,7,6,7,7,6,5,6,7,6,10,1,4
10/31/2022 20:31,10/31/2022 20:34,0,27.111.75.77,100,148,1,10/31/2022 20:34,R_2DNwz8GHcW1bBPj,,,,,12.9634,77.5855,anonymous,EN,1,2,2,2,6,5,5,4,5,5,4,4,6,5,6,5,6,6,5,5,6,5,3,4,5,5,4,5,5,4,5,5,4,5,6,4,5,6,5,5,4,5,5,4,5,6,5,4,5,4,5,5,5,4,5,6,5,5,4,5,6,5,5,1,1,4
10/31/2022 20:32,10/31/2022 20:34,0,122.174.221.98,100,122,1,10/31/2022 20:34,R_O6zKwDcVvAy5tKN,,,,,12.8996,80.2209,anonymous,EN,1,2,1,2,5,3,5,3,3,6,5,6,5,6,6,5,6,5,6,5,6,5,2,6,5,6,5,6,5,6,5,6,5,6,5,6,5,6,5,6,5,6,6,5,6,5,6,5,6,5,6,5,6,5,6,5,6,6,5,6,5,6,5,1,1,4
10/31/2022 20:31,10/31/2022 20:34,0,122.174.221.22,100,183,1,10/31/2022 20:34,R_2YPqSw75yABmSu8,,,,,12.8996,80.2209,anonymous,EN,1,2,1,2,5,6,5,4,5,5,6,5,5,5,6,5,6,6,6,5,6,5,3,5,4,6,5,6,5,5,6,6,5,6,5,5,4,5,6,5,5,6,5,6,5,5,6,5,6,5,6,6,6,5,6,5,6,5,6,5,5,5,5,1,1,4
10/31/2022 20:31,10/31/2022 20:34,0,122.174.222.49,100,172,1,10/31/2022 20:34,R_3nA7T876rr4m0qg,,,,,12.8996,80.2209,anonymous,EN,1,2,1,2,5,4,6,5,5,5,7,6,6,7,5,5,6,4,5,6,5,6,3,5,5,5,5,6,6,4,5,6,6,5,6,4,5,5,6,6,4,5,5,5,7,6,5,5,6,5,4,5,4,6,5,6,3,5,3,5,6,6,5,3,1,4
10/31/2022 20:33,10/31/2022 20:34,0,117.96.216.41,100,84,1,10/31/2022 20:34,R_1LATLvp61isyg9d,,,,,10.81,78.6932,anonymous,EN,1,2,1,3,6,7,6,7,6,6,7,6,7,6,6,7,6,7,6,7,6,7,6,7,6,6,7,6,7,6,7,6,7,6,7,6,7,6,7,6,7,7,6,7,6,7,6,7,6,7,6,7,6,7,6,7,6,6,7,6,7,6,5,10,1,4
10/31/2022 20:33,10/31/2022 20:34,0,136.185.143.115,100,99,1,10/31/2022 20:34,R_1LZtB2lKbnixZoc,,,,,12.9634,77.5855,anonymous,EN,1,2,1,3,2,6,2,6,2,2,6,2,6,2,2,6,2,6,2,6,2,6,2,6,2,2,6,2,6,2,6,2,6,2,6,2,6,2,6,2,6,2,2,6,2,6,2,6,2,6,2,6,2,6,2,6,2,2,6,2,6,2,5,6,1,4
10/31/2022 20:31,10/31/2022 20:34,0,61.0.113.29,100,193,1,10/31/2022 20:34,R_3Ge5MySwmkMCt9k,,,,,9.9327,78.1141,anonymous,EN,1,2,2,2,7,6,6,7,6,6,7,7,6,6,6,6,7,6,7,7,6,6,3,6,6,7,7,6,6,7,7,6,6,7,6,7,6,6,7,6,6,7,6,6,7,7,6,6,7,7,7,6,6,6,7,7,6,6,6,7,6,7,5,3,1,4
10/31/2022 20:30,10/31/2022 20:35,0,103.156.100.9,100,279,1,10/31/2022 20:35,R_1o0woIs1iBLxM6a,,,,,10.7471,76.9769,anonymous,EN,1,2,1,3,2,1,1,2,1,7,6,7,7,6,6,5,7,7,6,5,7,6,3,6,7,6,5,7,7,5,7,4,6,4,5,2,1,3,2,1,3,2,2,4,7,3,3,2,4,3,5,4,5,4,2,5,4,3,1,2,1,1,6,4,1,4
10/31/2022 20:33,10/31/2022 20:35,0,136.185.141.27,100,97,1,10/31/2022 20:35,R_2EH4iBoP7piC9xy,,,,,12.9634,77.5855,anonymous,EN,1,2,1,2,6,6,7,6,7,6,7,6,7,6,6,7,7,7,6,7,6,7,3,7,6,6,7,6,7,6,7,6,7,7,6,6,6,6,7,6,7,6,6,7,6,7,6,7,6,7,6,7,6,7,6,7,6,6,7,6,7,7,5,1,1,4
10/31/2022 20:33,10/31/2022 20:35,0,49.204.130.20,100,125,1,10/31/2022 20:35,R_1IioKs9ijTlB2fT,,,,,12.8996,80.2209,anonymous,EN,1,2,1,2,5,3,5,4,3,3,5,4,3,4,2,5,4,3,5,4,3,5,3,5,3,4,3,4,3,5,4,3,2,5,4,3,4,3,2,6,4,4,4,3,5,4,3,2,5,4,3,5,4,2,4,3,5,4,3,5,3,4,5,5,1,4
10/31/2022 20:27,10/31/2022 20:35,0,103.84.96.242,100,468,1,10/31/2022 20:35,R_2zRYk8FIfvXZMT6,,,,,11.68,78.4276,anonymous,EN,1,2,1,2,6,1,4,1,2,6,7,7,6,7,7,4,6,7,7,2,7,4,3,6,7,7,1,4,6,7,7,4,6,1,2,4,1,7,6,7,7,6,7,6,7,4,7,6,7,6,5,6,1,6,4,6,1,4,6,1,1,2,5,1,1,4
10/31/2022 20:32,10/31/2022 20:35,0,117.98.166.196,100,194,1,10/31/2022 20:35,R_DoXwJhAZNMQuAVj,,,,,9.2612,76.7833,anonymous,EN,1,2,1,3,4,5,7,6,6,6,5,7,5,7,5,6,5,6,5,4,6,7,3,5,7,4,5,7,6,6,5,4,5,7,5,7,5,5,7,7,5,6,4,5,6,7,4,5,6,7,6,7,4,5,7,6,7,5,5,6,7,6,5,1,1,4
10/31/2022 20:27,10/31/2022 20:35,0,103.208.69.106,100,467,1,10/31/2022 20:35,R_2dnehNhOSe79niE,,,,,18.6161,73.7286,anonymous,EN,1,2,2,3,1,1,1,1,1,6,7,7,7,7,4,4,4,4,4,4,6,1,3,1,7,7,4,7,7,1,7,2,2,2,1,1,1,1,1,1,1,1,1,1,7,1,1,1,1,1,7,1,1,1,1,4,1,1,1,1,1,1,6,4,6,4
10/31/2022 20:33,10/31/2022 20:35,0,117.98.165.168,100,150,1,10/31/2022 20:35,R_5pzoWUNneAoYDIt,,,,,11.0142,76.9941,anonymous,EN,1,2,1,3,5,6,5,6,5,5,6,5,6,5,5,6,5,6,5,6,5,6,3,5,6,5,6,5,6,5,6,5,6,5,6,5,6,5,6,5,6,5,5,6,5,6,5,6,5,6,5,6,5,6,5,6,5,5,6,5,6,5,5,1,1,4
10/31/2022 20:29,10/31/2022 20:35,0,111.92.27.120,100,386,1,10/31/2022 20:35,R_WDNQF3grsAxlYhb,,,,,8.8814,76.585,anonymous,EN,1,2,1,3,3,7,2,3,1,7,7,7,7,7,5,7,6,6,5,6,2,5,3,2,7,7,3,6,7,5,7,2,5,6,6,5,6,5,3,1,1,1,2,2,6,1,1,1,1,2,6,6,3,2,1,5,1,1,1,1,1,1,5,5,1,4
10/31/2022 20:30,10/31/2022 20:35,0,103.165.21.226,100,316,1,10/31/2022 20:35,R_1GOd3WVRLrRoezO,,,,,9.9185,76.2558,anonymous,EN,1,2,2,3,7,1,5,3,6,6,5,6,5,5,5,4,5,6,5,5,6,5,3,5,6,6,5,4,5,5,5,6,5,6,5,6,5,5,5,6,5,5,6,5,6,6,6,5,6,5,7,6,6,5,6,5,4,6,5,2,6,6,5,4,2,4
10/31/2022 20:29,10/31/2022 20:36,0,106.197.37.199,100,387,1,10/31/2022 20:36,R_3lMopTPJR06lePN,,,,,11.3458,77.7334,anonymous,EN,1,2,1,2,7,6,4,6,5,6,5,4,6,4,5,4,6,6,4,5,7,4,3,5,7,6,5,5,2,5,5,4,5,6,5,4,5,4,6,1,4,1,4,5,5,4,4,5,6,4,4,4,4,6,3,5,5,4,3,5,4,2,5,12,2,4
10/31/2022 20:34,10/31/2022 20:36,0,117.252.132.57,100,111,1,10/31/2022 20:36,R_R3J1Tj4EWqhokrn,,,,,9.9327,78.1141,anonymous,EN,1,2,1,2,5,6,5,6,5,6,5,6,6,5,5,4,5,6,5,4,4,5,3,5,6,5,4,5,5,4,5,5,4,5,6,5,6,6,5,5,5,4,5,6,5,6,5,4,5,6,6,6,5,4,6,5,5,5,6,5,4,5,6,8,1,4
10/31/2022 20:35,10/31/2022 20:36,0,122.178.33.142,100,88,1,10/31/2022 20:36,R_2uEBnOcj5G8YL5x,,,,,9.9327,78.1141,anonymous,EN,1,2,1,3,2,6,2,6,2,2,6,2,6,2,2,6,2,6,2,6,2,6,2,6,2,2,6,2,6,2,6,2,6,2,6,2,6,2,6,2,6,2,2,6,2,6,2,6,2,6,2,6,2,6,2,6,2,2,6,2,6,2,5,6,1,4
10/31/2022 20:27,10/31/2022 20:36,0,117.98.169.92,100,518,1,10/31/2022 20:36,R_s72W3GAw06mnPUZ,,,,,11.0142,76.9941,anonymous,EN,1,2,1,3,5,6,5,6,5,5,6,7,6,5,5,6,7,6,5,6,5,6,3,5,6,5,6,5,6,5,6,5,6,5,6,5,6,5,6,7,6,5,5,6,7,6,5,6,7,6,5,6,5,6,7,6,5,5,6,7,6,5,5,1,1,4
10/31/2022 20:35,10/31/2022 20:36,0,117.96.219.145,100,91,1,10/31/2022 20:36,R_BzTJw4TuzkeTOdH,,,,,11.0142,76.9941,anonymous,EN,1,2,1,3,5,6,7,6,7,7,6,5,6,7,5,6,7,6,7,6,7,6,5,6,7,7,6,5,5,6,7,7,6,5,6,7,6,7,6,5,6,7,5,6,7,6,5,6,7,6,5,6,5,6,7,6,5,5,6,7,6,5,6,10,1,4
10/31/2022 20:31,10/31/2022 20:36,0,117.98.169.109,100,335,1,10/31/2022 20:36,R_r8fUifeKUybAgVz,,,,,11.0142,76.9941,anonymous,EN,1,2,1,3,5,6,7,6,5,5,6,5,6,5,5,6,7,6,5,6,5,6,3,6,7,5,6,5,6,5,6,5,5,7,5,6,6,5,6,7,6,5,5,6,7,6,5,6,7,6,5,6,5,6,7,6,6,5,6,7,6,6,5,1,1,4
10/31/2022 20:35,10/31/2022 20:36,0,122.178.28.39,100,82,1,10/31/2022 20:36,R_3jZj36ZKmD2KbND,,,,,11.0142,76.9941,anonymous,EN,1,2,1,2,6,7,7,6,6,6,7,7,7,6,6,7,6,7,7,6,6,7,3,6,7,6,7,6,7,6,7,6,6,6,7,7,7,6,7,6,7,6,6,7,6,7,6,7,6,7,7,6,6,7,6,6,7,6,7,6,7,6,5,1,1,4
10/31/2022 20:32,10/31/2022 20:36,0,117.252.133.10,100,250,1,10/31/2022 20:36,R_3PvJRbNEh9xhJqM,,,,,9.9327,78.1141,anonymous,EN,1,2,2,3,5,6,5,6,5,5,6,6,5,6,5,6,5,6,5,6,5,6,3,6,5,5,6,5,6,5,6,5,6,5,6,5,6,5,6,5,6,5,5,6,5,6,5,6,5,6,5,6,5,6,5,6,5,5,6,5,6,5,5,1,1,4
10/31/2022 20:32,10/31/2022 20:36,0,103.154.203.6,100,251,1,10/31/2022 20:36,R_rr2W4erp6Dj8AN3,,,,,11.1424,77.3422,anonymous,EN,1,2,1,2,6,3,6,2,4,6,5,6,4,5,6,4,6,7,4,3,7,6,3,6,4,6,3,5,5,6,4,3,6,3,5,4,5,5,3,3,5,5,5,5,4,5,5,3,4,4,6,5,3,5,5,3,5,5,3,6,3,5,5,12,1,4
10/31/2022 20:34,10/31/2022 20:37,0,117.222.133.57,100,178,1,10/31/2022 20:37,R_1QN70hrFEmLdccl,,,,,10.3631,77.9854,anonymous,EN,1,2,1,3,5,6,7,6,7,5,7,7,6,5,5,6,7,6,5,6,5,6,3,6,7,5,6,7,6,5,6,5,6,7,6,5,6,5,6,7,6,5,5,5,7,6,5,6,7,6,5,6,5,6,7,6,5,5,6,7,6,5,5,1,1,4
10/31/2022 20:35,10/31/2022 20:37,0,106.205.127.77,100,90,1,10/31/2022 20:37,R_28M5HWnuuNc9b9y,,,,,9.9327,78.1141,anonymous,EN,1,2,1,3,6,7,6,7,6,6,7,6,7,6,6,7,6,7,6,7,6,7,6,7,6,6,7,6,7,6,7,6,7,6,7,6,7,6,7,6,7,6,6,7,6,7,6,7,6,7,6,7,6,7,6,7,6,6,7,6,7,6,5,11,1,4
10/31/2022 20:33,10/31/2022 20:37,0,61.0.124.217,100,224,1,10/31/2022 20:37,R_1d6T9t3fmV49ukZ,,,,,9.9327,78.1141,anonymous,EN,1,2,1,3,3,4,4,3,4,3,2,3,2,3,3,2,3,2,3,2,2,1,3,4,5,3,4,3,4,3,4,4,3,4,3,4,3,4,3,4,3,4,3,4,3,4,3,4,3,4,3,4,3,4,3,4,3,3,4,3,4,3,5,1,1,4
10/31/2022 20:34,10/31/2022 20:37,0,122.174.220.220,100,172,1,10/31/2022 20:37,R_3oEBBlLtgQZKLBW,,,,,12.8996,80.2209,anonymous,EN,1,2,2,2,5,3,5,3,4,6,5,5,6,6,6,5,7,6,5,5,6,5,3,5,6,5,6,6,5,5,6,5,7,5,6,5,6,5,5,4,4,3,6,5,6,6,6,7,5,6,6,6,6,5,5,6,6,7,5,6,6,6,5,1,1,4
10/31/2022 20:31,10/31/2022 20:37,0,49.206.113.7,100,383,1,10/31/2022 20:37,R_1lcvnyAulp851lS,,,,,11.0142,76.9941,anonymous,EN,1,2,1,4,1,1,4,1,1,7,7,7,7,7,7,7,7,7,7,7,7,1,3,1,5,7,6,7,7,7,7,1,7,5,5,1,1,1,1,1,1,1,1,1,7,1,1,1,1,1,4,1,1,1,1,1,1,1,1,1,1,1,6,11,1,4
10/31/2022 20:33,10/31/2022 20:37,0,117.252.133.228,100,251,1,10/31/2022 20:37,R_27VbnFAIJwoKCM6,,,,,9.9327,78.1141,anonymous,EN,1,2,1,2,6,6,6,7,7,7,6,6,7,7,7,6,6,7,7,6,7,7,3,6,6,7,6,6,6,7,7,7,6,6,7,7,7,6,7,6,7,7,7,6,6,7,7,7,7,6,6,6,7,7,7,6,7,7,6,5,6,7,5,3,1,4
10/31/2022 20:29,10/31/2022 20:37,0,122.174.220.220,100,494,1,10/31/2022 20:37,R_1FxmNEH9w7ozt4X,,,,,12.8996,80.2209,anonymous,EN,1,2,1,2,6,5,6,7,5,5,6,7,6,5,6,7,5,6,1,5,6,7,3,6,7,5,6,7,6,1,2,6,7,6,5,3,1,6,7,1,3,5,6,7,5,6,6,7,5,6,1,7,6,7,5,6,7,6,5,7,1,6,2,12,1,4
10/31/2022 20:35,10/31/2022 20:37,0,49.37.205.45,100,176,1,10/31/2022 20:37,R_2638UZABZhWToYm,,,,,11.0142,76.9941,anonymous,EN,1,2,1,2,6,3,5,6,5,5,6,5,6,5,6,5,5,5,6,6,6,5,3,6,5,6,5,5,5,7,6,6,5,6,6,5,6,6,5,5,6,6,6,5,5,6,6,5,5,6,7,7,6,5,3,6,6,6,5,5,6,6,5,9,1,4
10/31/2022 20:35,10/31/2022 20:38,0,106.205.117.129,100,159,1,10/31/2022 20:38,R_1lhK6RCUd9hJG8t,,,,,11.0142,76.9941,anonymous,EN,1,2,2,2,5,7,6,7,6,5,7,6,7,6,7,6,6,7,6,7,6,7,3,6,7,5,7,6,7,6,7,6,6,5,7,6,5,6,7,6,5,6,5,7,6,7,6,7,6,7,6,7,6,7,6,6,7,6,6,7,7,6,5,1,2,4
10/31/2022 20:36,10/31/2022 20:38,0,117.199.128.19,100,91,1,10/31/2022 20:38,R_Ze3Dvl79p6oXrih,,,,,10.2867,77.9264,anonymous,EN,1,2,2,3,5,6,5,6,5,5,6,5,6,5,5,6,5,6,5,6,5,6,3,5,6,5,6,5,6,5,6,5,6,5,6,6,5,5,5,6,5,6,5,6,5,6,5,6,5,6,5,6,5,6,5,6,5,5,6,5,6,5,5,1,1,4
10/31/2022 20:36,10/31/2022 20:38,0,117.199.128.19,100,115,1,10/31/2022 20:38,R_2doKk6DinJrRero,,,,,10.2867,77.9264,anonymous,EN,1,2,1,3,4,5,6,7,6,4,5,6,6,7,5,4,5,7,6,6,5,5,3,7,6,3,4,5,6,7,6,3,4,5,5,6,6,3,4,6,5,6,3,5,6,7,4,5,6,6,7,6,3,4,5,6,7,5,6,5,6,7,5,1,1,4
10/31/2022 20:35,10/31/2022 20:38,0,49.37.205.45,100,177,1,10/31/2022 20:38,R_D7ZieYLKgAl1LZT,,,,,11.0142,76.9941,anonymous,EN,1,2,1,2,4,6,4,6,4,5,3,5,4,5,4,3,5,4,3,5,6,5,3,5,4,5,4,6,5,4,5,4,3,5,4,4,6,3,5,3,5,4,4,3,5,4,6,3,5,4,5,4,2,5,4,3,5,4,3,5,5,4,5,5,1,4
10/31/2022 20:35,10/31/2022 20:38,0,49.37.202.94,100,194,1,10/31/2022 20:38,R_zVBU9QjVqAjtzd7,,,,,11.0142,76.9941,anonymous,EN,1,2,1,2,6,7,6,7,6,6,7,6,7,6,6,7,6,7,6,7,7,6,3,7,7,7,6,7,6,7,6,7,6,7,6,7,6,6,6,7,6,7,6,7,6,6,6,7,6,6,7,6,6,7,6,7,6,7,6,7,6,7,6,6,1,4
10/31/2022 20:32,10/31/2022 20:38,0,115.187.52.206,100,350,1,10/31/2022 20:38,R_27ebWYNV4pcP4e6,,,,,22.518,88.3832,anonymous,EN,1,2,1,2,6,3,2,5,5,6,4,6,6,4,6,5,4,5,4,5,2,3,3,5,5,7,5,6,5,5,6,5,4,5,4,5,2,3,4,4,3,3,5,4,4,3,4,4,4,5,6,4,5,4,5,5,4,5,4,5,4,5,5,10,1,4
10/31/2022 20:37,10/31/2022 20:38,0,49.37.199.152,100,97,1,10/31/2022 20:38,R_1N4FjEbNZ6wyERU,,,,,11.0142,76.9941,anonymous,EN,1,2,1,2,6,7,7,6,5,6,7,7,7,5,5,7,7,6,5,6,6,6,3,7,7,5,6,7,7,7,6,5,6,6,7,7,6,5,6,7,7,6,5,6,7,7,5,6,7,7,6,5,5,6,7,7,6,5,6,7,7,7,6,1,1,4
10/31/2022 20:37,10/31/2022 20:38,0,122.178.33.213,100,107,1,10/31/2022 20:38,R_1X5QNHbiHfGvPd7,,,,,9.9327,78.1141,anonymous,EN,1,2,1,3,7,6,5,6,7,7,6,5,6,7,7,6,5,5,6,7,7,6,5,6,7,7,6,5,6,7,6,7,6,5,6,7,6,7,6,5,6,7,7,6,5,6,7,6,5,6,7,6,5,6,7,6,5,5,6,7,6,7,6,10,1,4
10/31/2022 20:35,10/31/2022 20:38,0,49.37.205.45,100,233,1,10/31/2022 20:38,R_3klGAzmHWNQCHg5,,,,,11.0142,76.9941,anonymous,EN,1,2,1,2,7,7,6,7,7,7,6,7,6,7,7,6,7,7,7,7,7,6,3,7,6,7,6,7,6,7,7,7,6,7,6,7,7,7,7,6,7,7,7,6,7,7,7,7,6,7,7,7,7,6,7,6,7,7,7,6,7,7,5,1,1,4
10/31/2022 20:31,10/31/2022 20:39,0,117.199.136.133,100,438,1,10/31/2022 20:39,R_R34kR9C5YcwfQpr,,,,,9.9327,78.1141,anonymous,EN,1,2,1,2,6,7,7,6,6,6,7,6,6,7,6,7,7,6,6,7,6,7,3,6,7,6,7,6,7,6,7,7,6,7,6,7,6,6,6,7,6,7,6,7,6,7,6,7,6,6,7,6,5,6,6,7,7,6,6,7,7,6,5,3,1,4
10/31/2022 20:37,10/31/2022 20:39,0,117.96.216.28,100,121,1,10/31/2022 20:39,R_sXXY5J4xTm3NE77,,,,,10.81,78.6932,anonymous,EN,1,2,1,3,2,6,2,6,2,2,6,2,6,2,2,6,2,6,2,6,2,6,2,6,2,2,6,2,6,2,6,2,6,2,6,2,6,2,6,2,6,2,2,6,2,6,2,6,2,6,2,6,2,6,2,6,2,2,6,2,6,2,5,6,1,4
10/31/2022 20:28,10/31/2022 20:39,0,103.140.106.185,100,624,1,10/31/2022 20:39,R_8p7hASExL73HJYd,,,,,19.0748,72.8856,anonymous,EN,1,2,1,3,6,5,3,2,3,6,6,5,6,6,6,7,5,6,4,5,4,5,3,5,6,6,5,5,6,5,5,5,4,5,4,5,4,5,4,2,4,3,5,4,6,3,5,5,3,6,6,5,6,5,2,5,4,5,5,3,4,4,5,4,1,4
10/31/2022 20:33,10/31/2022 20:39,0,61.0.113.173,100,378,1,10/31/2022 20:39,R_1NgAVV19Uuko98h,,,,,9.9327,78.1141,anonymous,EN,1,2,1,2,6,7,6,6,6,5,6,7,6,6,6,6,7,6,7,6,6,7,3,6,7,6,6,7,7,6,6,7,6,6,7,6,7,7,6,6,7,7,7,6,6,7,7,7,6,6,7,7,7,6,6,7,7,7,6,6,6,7,5,3,1,4
10/31/2022 20:33,10/31/2022 20:39,0,117.98.166.105,100,340,1,10/31/2022 20:39,R_3NLeQxi1V24SBYE,,,,,9.2612,76.7833,anonymous,EN,1,2,1,3,2,3,2,3,2,4,3,4,3,4,2,2,3,2,3,2,4,4,3,4,3,4,3,4,3,4,3,4,5,4,5,4,5,4,3,4,3,4,3,4,3,4,4,5,4,5,4,5,5,4,5,4,5,4,3,4,5,4,5,1,1,4
10/31/2022 20:36,10/31/2022 20:39,0,117.98.169.92,100,197,1,10/31/2022 20:39,R_323ACyE40cW6kp6,,,,,11.0142,76.9941,anonymous,EN,1,2,1,3,5,6,7,6,5,5,6,7,6,5,5,7,7,6,5,6,5,6,3,6,6,5,6,7,6,5,6,5,6,7,6,5,6,5,6,7,5,6,5,6,7,6,5,6,7,6,5,6,5,6,7,6,5,5,6,7,6,6,5,1,1,4
10/31/2022 20:38,10/31/2022 20:39,0,117.96.214.92,100,72,1,10/31/2022 20:39,R_1hDUBNQDujm2Eem,,,,,9.9327,78.1141,anonymous,EN,1,2,1,2,6,6,6,7,7,7,7,6,7,6,7,6,7,7,6,7,6,7,3,6,7,6,7,6,7,6,7,6,7,6,7,6,7,6,7,6,7,6,6,7,7,7,6,7,6,7,7,6,6,7,6,7,6,6,7,6,7,6,5,1,1,4
10/31/2022 20:31,10/31/2022 20:39,0,49.14.157.114,100,478,1,10/31/2022 20:39,R_1rANm2vrRXaQofA,,,,,28.6542,77.2373,anonymous,EN,1,2,1,2,2,2,1,2,2,4,6,6,6,7,5,6,6,6,5,5,1,1,3,2,1,7,4,5,6,4,7,3,4,4,3,4,4,5,5,5,5,5,6,6,5,5,6,7,7,4,4,5,4,5,3,3,3,4,3,5,5,5,5,9,1,4
10/31/2022 20:31,10/31/2022 20:40,0,122.173.111.202,100,518,1,10/31/2022 20:40,R_1j8Stz0ncmittTH,,,,,11.0142,76.9941,anonymous,EN,1,2,2,2,6,5,6,5,6,5,6,5,5,5,5,6,5,4,5,6,5,6,3,5,6,5,6,5,6,5,6,6,5,6,5,6,5,5,4,5,6,5,6,5,6,5,5,6,5,6,5,6,6,5,4,5,6,6,5,6,5,6,6,5,1,4
10/31/2022 20:30,10/31/2022 20:40,0,122.174.220.242,100,597,1,10/31/2022 20:40,R_3dJG99PmqdNxaaq,,,,,12.8996,80.2209,anonymous,EN,1,2,2,2,5,5,6,3,5,5,4,5,4,4,5,5,4,5,5,4,5,5,3,5,5,6,5,6,4,5,5,6,5,5,4,5,5,5,6,6,6,6,6,5,6,6,5,5,5,5,5,5,6,5,6,5,5,5,4,5,6,6,5,12,1,4
10/31/2022 20:28,10/31/2022 20:40,0,122.171.22.157,100,715,1,10/31/2022 20:40,R_bHlIn6cbx2kP6Kt,,,,,12.9634,77.5855,anonymous,EN,1,2,2,2,3,5,3,2,3,5,5,6,7,7,3,5,6,4,4,5,3,5,3,5,2,7,4,7,7,3,5,3,5,5,6,2,2,3,2,3,1,2,3,2,6,5,3,2,3,3,5,5,3,3,2,5,3,5,3,3,3,5,5,3,1,4
10/31/2022 20:37,10/31/2022 20:40,0,49.37.203.239,100,194,1,10/31/2022 20:40,R_21mqCfTlNY9z0Vo,,,,,11.0142,76.9941,anonymous,EN,1,2,1,2,6,7,5,6,7,6,5,6,7,6,6,7,6,5,6,7,6,5,3,6,6,6,5,7,6,5,6,6,5,6,5,6,6,6,7,5,6,7,6,5,7,6,6,7,5,6,7,6,6,5,6,7,6,6,5,6,7,7,6,6,1,4
10/31/2022 20:38,10/31/2022 20:40,0,49.37.202.94,100,140,1,10/31/2022 20:40,R_1CfLvsf1qLEiWyg,,,,,11.0142,76.9941,anonymous,EN,1,2,1,2,4,5,6,7,6,4,5,6,7,6,4,5,6,5,6,6,4,5,3,5,6,4,5,6,5,5,4,4,5,6,6,5,6,4,5,6,5,5,4,5,6,5,4,5,6,5,6,5,4,6,5,5,4,4,5,6,7,6,6,1,1,4
10/31/2022 20:34,10/31/2022 20:40,0,49.37.203.239,100,367,1,10/31/2022 20:40,R_1JIneXhZ9IxjjnO,,,,,11.0142,76.9941,anonymous,EN,1,2,1,2,6,7,6,5,6,7,7,6,5,6,7,6,5,5,5,4,6,7,3,5,6,7,6,5,5,6,7,7,6,5,4,5,5,7,6,5,4,5,6,5,6,7,5,6,7,7,6,5,5,5,6,6,5,6,6,7,6,5,6,3,1,4
10/31/2022 20:39,10/31/2022 20:41,0,49.204.139.94,100,101,1,10/31/2022 20:41,R_1g0E6XqDQWoVw3P,,,,,12.8996,80.2209,anonymous,EN,1,2,1,2,5,6,7,6,7,6,7,7,6,7,6,6,7,5,6,6,5,6,3,6,6,5,6,7,7,7,6,5,6,6,7,7,7,5,5,7,6,7,5,6,7,7,5,6,7,5,6,6,5,6,7,6,7,5,6,7,7,7,6,1,1,4
10/31/2022 20:29,10/31/2022 20:41,0,122.161.254.69,100,721,1,10/31/2022 20:41,R_3hinCFO3Sj41GBw,,,,,11.0142,76.9941,anonymous,EN,1,2,2,3,6,3,5,1,3,3,6,7,6,7,6,5,5,6,5,6,7,5,3,6,7,6,5,7,6,7,6,6,5,5,6,4,6,7,5,6,6,7,3,6,7,5,6,4,6,6,7,5,2,5,7,6,6,2,4,2,3,2,6,4,1,4
10/31/2022 20:40,10/31/2022 20:41,0,136.185.24.169,100,76,1,10/31/2022 20:41,R_1NldHAU3xHL6fR1,,,,,11.0142,76.9941,anonymous,EN,1,2,1,2,6,7,6,7,6,6,7,7,6,7,6,7,6,7,6,7,6,7,3,6,7,6,7,7,6,6,6,6,7,7,6,7,6,6,7,6,7,5,5,7,6,7,6,7,6,5,6,7,6,6,7,6,7,6,5,7,6,7,5,1,1,4
10/31/2022 20:39,10/31/2022 20:41,0,61.0.127.173,100,117,1,10/31/2022 20:41,R_1DtGoPdXYIAdBRP,,,,,9.9327,78.1141,anonymous,EN,1,2,2,3,3,4,3,4,3,4,3,4,3,4,4,2,5,4,4,5,2,1,3,2,1,4,3,4,3,4,3,4,5,4,4,5,4,5,4,5,4,5,5,4,5,5,5,4,5,4,5,4,5,4,5,5,5,5,4,5,4,5,5,1,1,4
10/31/2022 20:31,10/31/2022 20:41,0,49.37.203.239,100,608,1,10/31/2022 20:41,R_1rwYzUq24HNxRVz,,,,,11.0142,76.9941,anonymous,EN,1,2,2,2,5,4,5,7,6,6,5,7,6,5,5,6,7,6,5,6,5,6,3,5,6,7,6,5,4,5,6,6,5,5,6,7,6,7,6,5,6,6,6,7,6,5,7,6,6,5,6,7,5,6,7,6,5,6,7,7,6,5,6,5,1,4
10/31/2022 20:30,10/31/2022 20:41,0,122.178.28.188,100,657,1,10/31/2022 20:41,R_5d5CGnATpYiurf3,,,,,11.0142,76.9941,anonymous,EN,1,2,2,2,7,6,5,4,7,7,6,7,6,7,7,6,5,6,7,6,7,6,3,5,6,6,7,5,6,6,4,2,6,5,7,6,5,6,7,6,5,6,5,7,6,6,6,7,4,6,5,5,2,5,4,6,6,2,5,2,6,5,5,10,1,4
10/31/2022 20:34,10/31/2022 20:41,0,49.204.117.54,100,454,1,10/31/2022 20:41,R_1NmKApuOiK2XWa9,,,,,12.8996,80.2209,anonymous,EN,1,2,1,2,5,4,6,3,4,6,6,6,6,7,6,5,7,6,6,5,5,6,3,4,5,6,5,6,6,5,6,6,5,4,5,2,4,5,4,4,5,5,5,4,6,5,5,6,5,4,6,5,5,6,5,4,5,4,6,4,4,5,5,3,1,4
10/31/2022 20:30,10/31/2022 20:41,0,103.154.238.43,100,680,1,10/31/2022 20:41,R_2TuFav0wsSBxegn,,,,,11.3458,77.7334,anonymous,EN,1,2,1,3,6,6,5,4,4,6,7,7,7,7,4,5,6,6,6,4,5,3,3,6,7,6,5,5,6,5,7,3,6,5,5,4,5,5,5,4,5,4,5,6,7,4,5,6,5,5,3,4,5,6,2,5,3,3,3,4,3,2,5,3,1,4
10/31/2022 20:35,10/31/2022 20:41,0,103.154.203.7,100,398,1,10/31/2022 20:41,R_qD7ftb0BzI0vtWV,,,,,11.1424,77.3422,anonymous,EN,1,2,2,2,6,4,3,4,5,5,3,4,5,4,5,3,6,5,4,3,5,2,3,5,5,5,3,4,5,3,3,6,3,4,5,4,4,5,3,3,4,5,6,3,6,5,6,4,3,4,5,5,3,4,6,5,4,4,3,4,5,5,4,3,1,4
10/31/2022 20:40,10/31/2022 20:41,0,117.252.132.46,100,107,1,10/31/2022 20:41,R_3p5AzXWRynxA3MZ,,,,,9.9327,78.1141,anonymous,EN,1,2,1,2,5,6,6,6,5,5,4,5,6,5,5,4,6,5,5,6,5,6,3,5,6,5,6,5,4,5,6,5,6,5,6,5,5,5,4,6,6,4,5,6,5,6,5,4,6,5,4,6,5,6,4,5,6,5,6,4,5,6,6,8,1,4
10/31/2022 20:39,10/31/2022 20:42,0,49.37.205.45,100,133,1,10/31/2022 20:42,R_27fZs2J7QTMWYNO,,,,,11.0142,76.9941,anonymous,EN,1,2,1,2,7,7,6,7,7,7,6,7,6,7,7,6,7,6,7,7,7,7,3,7,6,7,7,6,7,6,7,7,6,6,6,7,7,7,6,6,7,7,7,6,7,7,7,7,6,7,7,6,7,6,7,7,7,7,7,6,6,7,5,1,1,4
10/31/2022 20:28,10/31/2022 20:42,0,122.178.148.190,100,817,1,10/31/2022 20:42,R_1MRhgsWxEU5jsz1,,,,,11.0142,76.9941,anonymous,EN,1,2,1,2,4,6,5,6,5,5,6,6,7,7,5,6,7,7,6,7,5,6,3,6,5,5,6,6,7,6,5,5,6,5,6,7,6,5,6,5,6,5,5,6,6,5,5,6,5,6,7,5,5,6,5,6,6,5,6,5,6,6,5,1,1,4
10/31/2022 20:40,10/31/2022 20:42,0,122.178.123.17,100,105,1,10/31/2022 20:42,R_3qlC5sMAUWEBMv2,,,,,12.8996,80.2209,anonymous,EN,1,2,2,2,5,7,5,5,5,5,6,5,5,7,5,6,5,6,5,6,6,7,3,5,7,6,5,7,5,6,7,5,6,5,6,5,6,5,6,5,6,7,6,6,5,6,5,6,5,4,5,6,5,6,7,6,5,5,6,5,6,7,5,3,1,4
10/31/2022 20:39,10/31/2022 20:42,0,49.37.202.94,100,184,1,10/31/2022 20:42,R_1F5NRyu4zXNgLnL,,,,,11.0142,76.9941,anonymous,EN,1,2,1,2,6,5,5,5,6,6,5,5,6,6,6,5,5,6,6,5,6,5,3,6,7,6,5,5,6,7,6,7,5,6,6,7,6,7,5,6,6,7,6,5,6,6,6,5,6,6,6,6,6,5,3,6,6,6,5,5,6,6,5,10,1,4
10/31/2022 20:28,10/31/2022 20:42,0,49.204.118.77,100,801,1,10/31/2022 20:42,R_1E0YHBDWUMznVM6,,,,,12.8996,80.2209,anonymous,EN,1,2,1,2,6,5,3,2,3,7,6,6,7,6,6,5,7,3,5,7,7,6,3,7,6,5,6,7,6,7,5,7,6,7,6,7,7,6,6,5,7,6,7,6,7,5,5,7,6,7,7,6,4,6,3,6,4,6,7,3,6,7,5,5,1,4
10/31/2022 20:40,10/31/2022 20:42,0,122.178.214.50,100,128,1,10/31/2022 20:42,R_2TRvAxMlsu4Udrc,,,,,11.0142,76.9941,anonymous,EN,1,2,2,2,6,7,7,5,6,6,5,7,6,7,6,5,7,6,5,6,6,7,3,6,7,6,7,6,5,6,7,6,5,7,6,5,6,6,7,6,5,6,6,7,6,7,6,5,7,6,6,7,6,5,6,7,6,6,7,6,5,6,6,10,2,4
10/31/2022 20:40,10/31/2022 20:43,0,136.185.138.22,100,185,1,10/31/2022 20:43,R_2zq1I1ApcGPaODr,,,,,12.9634,77.5855,anonymous,EN,1,2,1,2,6,7,6,7,6,6,7,6,7,7,6,7,6,7,7,6,6,7,3,7,6,6,7,6,7,6,7,6,7,6,7,7,6,6,7,6,7,7,6,7,6,7,6,7,6,7,6,7,6,7,6,7,6,6,7,6,7,6,5,1,1,4
10/31/2022 20:37,10/31/2022 20:43,0,122.178.39.142,100,360,1,10/31/2022 20:43,R_25WIG0ogr89FFre,,,,,11.0142,76.9941,anonymous,EN,1,2,1,3,7,3,6,7,5,7,6,5,7,7,7,7,6,7,7,6,7,6,3,6,7,7,6,7,5,6,7,2,6,5,7,6,7,6,5,2,4,2,5,7,7,5,7,6,6,7,7,6,2,7,6,7,3,1,3,1,3,2,5,6,1,4
10/31/2022 20:41,10/31/2022 20:43,0,49.205.86.46,100,136,1,10/31/2022 20:43,R_1mwq7BR87GYoWmc,,,,,12.8996,80.2209,anonymous,EN,1,2,1,2,6,7,6,7,6,7,6,7,6,7,6,7,6,7,7,6,6,7,3,7,6,7,7,6,6,7,6,6,7,6,7,6,6,6,7,6,7,6,6,7,6,6,6,6,7,7,6,6,7,6,7,6,7,7,6,7,6,7,6,6,1,4
10/31/2022 20:40,10/31/2022 20:43,0,117.98.169.47,100,182,1,10/31/2022 20:43,R_2YKy0diqWNSNsyS,,,,,11.0142,76.9941,anonymous,EN,1,2,1,3,5,6,7,6,7,5,6,7,6,7,5,6,7,6,5,6,5,6,3,6,7,5,6,7,6,5,6,6,5,7,7,6,5,5,6,7,6,5,5,6,7,6,5,6,7,6,5,6,6,6,7,6,7,5,6,7,6,6,5,1,1,4
10/31/2022 20:42,10/31/2022 20:43,0,117.252.131.75,100,116,1,10/31/2022 20:43,R_AiLJ35oAWi4nuCd,,,,,9.9327,78.1141,anonymous,EN,1,2,1,2,5,6,5,6,5,5,5,4,6,5,5,4,6,5,6,5,6,6,3,5,5,4,6,5,6,5,4,5,4,5,4,5,6,4,5,5,5,6,4,5,6,5,5,4,5,6,5,5,4,5,5,4,5,4,5,6,4,5,6,9,1,4
10/31/2022 20:34,10/31/2022 20:43,0,122.178.178.128,100,582,1,10/31/2022 20:43,R_1LUP3F0Hpi3cP3j,,,,,11.0142,76.9941,anonymous,EN,1,2,2,2,5,6,5,6,6,5,6,6,5,6,5,7,5,6,5,7,5,6,3,5,6,5,6,5,7,6,6,5,6,5,6,7,6,5,6,7,6,5,5,6,6,5,5,6,5,6,7,7,5,6,5,4,5,5,6,6,5,7,5,3,1,4
10/31/2022 20:41,10/31/2022 20:44,0,49.204.139.94,100,189,1,10/31/2022 20:44,R_1mQVfIvrlzxOHDk,,,,,12.8996,80.2209,anonymous,EN,1,2,2,2,6,5,6,6,6,7,5,6,6,7,6,7,5,7,6,6,6,6,3,6,7,6,7,5,6,7,6,6,5,6,6,5,6,6,5,6,7,7,6,5,6,7,6,5,6,6,6,7,6,5,6,7,6,6,7,5,6,6,6,6,1,4
10/31/2022 20:42,10/31/2022 20:44,0,49.204.139.94,100,132,1,10/31/2022 20:44,R_udCvb2SRh7BAmFH,,,,,12.8996,80.2209,anonymous,EN,1,2,1,2,6,7,7,6,6,5,6,6,7,7,5,6,7,7,7,6,5,6,3,6,7,5,7,6,7,5,7,5,6,7,6,7,6,5,6,7,7,7,5,6,7,7,5,6,6,7,7,7,5,6,7,7,7,5,5,6,7,7,6,1,1,4
10/31/2022 20:42,10/31/2022 20:44,0,49.37.205.45,100,108,1,10/31/2022 20:44,R_3kH81jC8pxj85O4,,,,,11.0142,76.9941,anonymous,EN,1,2,1,2,7,6,7,7,6,7,7,6,6,7,7,7,6,6,7,7,7,6,3,6,7,7,7,6,7,7,7,7,6,6,7,7,7,7,6,7,6,7,7,7,6,6,7,7,6,6,7,7,7,7,6,7,6,7,7,7,6,6,5,1,1,4
10/31/2022 20:43,10/31/2022 20:44,0,49.37.200.186,100,75,1,10/31/2022 20:44,R_3psAqJJDoEg4zno,,,,,11.0142,76.9941,anonymous,EN,1,2,1,2,6,5,4,5,7,5,4,5,6,7,7,6,5,4,5,5,5,4,3,5,6,6,7,7,6,5,6,5,6,7,6,5,7,5,6,7,6,5,5,7,7,6,6,7,6,5,6,7,5,6,7,6,5,6,7,5,5,6,6,3,1,4
10/31/2022 20:42,10/31/2022 20:45,0,122.179.247.119,100,155,1,10/31/2022 20:45,R_3gXX6kqztvM0Zoj,,,,,11.0142,76.9941,anonymous,EN,1,2,1,2,5,6,7,5,6,5,6,5,6,5,5,6,7,6,6,7,5,6,3,5,6,5,6,6,7,6,6,5,6,5,7,5,6,5,6,5,6,6,5,6,7,6,5,6,6,5,6,6,5,7,6,6,5,6,5,6,6,5,5,12,1,4
10/31/2022 20:37,10/31/2022 20:45,0,103.58.65.150,100,460,1,10/31/2022 20:45,R_2OJxYKzdIff2gCe,,,,,11.6602,78.1532,anonymous,EN,1,2,1,2,5,4,5,6,4,5,4,5,4,5,6,5,4,5,4,5,4,5,3,5,5,4,5,6,5,4,5,5,4,4,5,5,6,5,4,5,4,5,6,5,4,5,6,5,4,5,5,5,6,5,3,5,5,5,4,5,4,5,5,12,1,4
10/31/2022 20:42,10/31/2022 20:45,0,136.185.175.80,100,198,1,10/31/2022 20:45,R_2eVCXNLyUj7guhu,,,,,12.9634,77.5855,anonymous,EN,1,2,1,2,6,5,6,5,6,6,5,6,6,7,6,5,6,7,6,5,6,5,3,6,5,6,5,6,7,6,5,6,5,6,7,5,6,6,5,6,7,5,6,5,6,5,6,5,6,7,5,6,6,5,7,6,5,6,5,6,7,6,5,6,1,4
10/31/2022 20:34,10/31/2022 20:45,0,122.178.178.37,100,643,1,10/31/2022 20:45,R_1rwZBNINAzWEnaJ,,,,,11.0142,76.9941,anonymous,EN,1,2,1,2,5,6,5,6,5,5,6,7,6,5,5,6,7,6,5,6,5,6,3,5,7,5,6,5,5,6,7,5,6,5,6,7,6,5,6,5,6,7,5,6,5,6,5,6,5,6,7,6,5,6,5,6,7,5,6,5,6,7,5,3,1,4
10/31/2022 20:44,10/31/2022 20:45,0,136.185.181.140,100,71,1,10/31/2022 20:45,R_RsqlvHkNqKCCorD,,,,,9.9327,78.1141,anonymous,EN,1,2,1,2,6,7,6,7,6,6,7,6,7,6,6,7,7,7,6,7,6,7,3,6,7,6,7,6,7,6,7,6,7,7,6,6,7,6,7,6,7,6,6,7,6,7,6,7,6,6,7,7,6,7,6,7,6,6,7,6,5,6,5,1,1,4
10/31/2022 20:44,10/31/2022 20:46,0,122.178.149.8,100,105,1,10/31/2022 20:46,R_2QDPDk49O6cU6Rd,,,,,11.0142,76.9941,anonymous,EN,1,2,1,2,6,5,4,3,4,5,3,3,4,5,6,5,4,3,4,5,6,5,3,4,5,5,3,4,4,5,5,5,4,3,4,5,5,5,4,3,4,5,6,4,4,5,6,5,4,5,4,4,6,5,4,4,5,6,5,4,4,5,5,7,1,4
10/31/2022 20:43,10/31/2022 20:46,0,49.204.131.17,100,206,1,10/31/2022 20:46,R_1QxUvbDSo4TTxJS,,,,,12.8996,80.2209,anonymous,EN,1,2,2,3,5,4,5,3,4,5,7,5,6,7,5,4,5,6,5,5,5,6,3,5,6,5,6,6,5,6,7,5,4,6,4,3,3,5,6,5,4,5,5,6,5,5,5,6,6,5,4,5,5,4,3,5,4,5,4,4,5,4,5,3,1,4
10/31/2022 20:42,10/31/2022 20:47,0,117.96.214.148,100,294,1,10/31/2022 20:47,R_ZsJTX5r5urGDwJj,,,,,9.9327,78.1141,anonymous,EN,1,2,1,2,5,6,5,6,5,6,5,6,5,6,7,5,6,7,6,5,6,5,3,6,7,6,5,6,7,6,5,6,5,7,6,5,6,6,5,6,5,6,6,5,6,5,6,5,6,5,6,5,5,6,5,6,7,6,5,6,7,5,5,6,1,4
10/31/2022 20:46,10/31/2022 20:47,0,122.178.114.93,100,71,1,10/31/2022 20:47,R_1Q9nB7oJt3zIztL,,,,,10.7471,76.9769,anonymous,EN,1,2,2,2,6,7,6,7,7,6,7,6,7,6,6,7,6,7,6,7,6,7,3,6,7,6,7,6,7,6,7,6,7,6,7,6,7,6,5,5,7,6,6,6,7,7,6,7,7,7,7,6,6,6,7,7,6,6,7,6,7,6,5,1,1,4
10/31/2022 20:37,10/31/2022 20:47,0,103.58.65.149,100,617,1,10/31/2022 20:47,R_3kHr67f3dgxS0Cx,,,,,11.6602,78.1532,anonymous,EN,1,2,1,2,6,5,4,5,4,4,5,6,5,4,4,5,6,4,5,4,4,5,3,6,5,6,5,4,5,5,5,4,5,6,5,4,5,6,5,4,5,5,6,5,4,5,4,5,6,5,5,4,4,5,5,4,5,5,5,4,4,3,5,1,1,4
10/31/2022 20:45,10/31/2022 20:47,0,49.204.139.94,100,165,1,10/31/2022 20:47,R_1FLHZ5uKOwqWkTE,,,,,12.8996,80.2209,anonymous,EN,1,2,1,2,6,5,6,7,6,6,5,6,6,6,7,5,6,7,6,6,6,7,3,6,6,7,5,6,6,6,7,6,7,6,5,6,7,6,5,6,6,7,6,5,6,7,6,7,5,6,6,7,6,7,5,6,7,5,6,5,6,7,6,3,1,4
10/31/2022 20:42,10/31/2022 20:48,0,122.178.244.35,100,343,1,10/31/2022 20:48,R_1dKNsIEQMgh30dt,,,,,11.0142,76.9941,anonymous,EN,1,2,1,2,5,7,5,6,7,5,6,6,5,6,5,6,7,6,5,6,5,6,3,5,6,5,6,5,6,7,7,5,6,5,7,5,6,5,6,5,6,7,5,6,5,6,5,6,5,4,5,6,5,6,7,6,5,5,6,5,3,5,5,3,1,4
10/31/2022 20:45,10/31/2022 20:48,0,49.37.202.94,100,164,1,10/31/2022 20:48,R_2pQ2otw9p7p7JnF,,,,,11.0142,76.9941,anonymous,EN,1,2,1,2,5,4,5,5,3,3,2,6,3,5,4,3,6,5,4,5,6,5,3,5,3,3,5,3,4,3,4,3,2,5,4,6,5,3,2,5,4,5,3,3,5,4,5,4,6,4,3,5,3,2,5,4,3,4,3,5,4,4,5,8,1,4
10/31/2022 20:45,10/31/2022 20:48,0,122.178.188.46,100,140,1,10/31/2022 20:48,R_5tZnVZjvCd6TGAp,,,,,11.1424,77.3422,anonymous,EN,1,2,2,2,5,6,7,6,5,5,6,5,7,5,5,6,5,7,6,5,6,5,3,5,6,5,6,7,6,5,6,5,6,5,6,7,6,5,6,5,6,5,5,6,5,6,5,6,5,6,7,6,5,6,5,6,5,7,6,5,7,7,3,12,1,4
10/31/2022 20:33,10/31/2022 20:48,0,49.204.117.5,100,886,1,10/31/2022 20:48,R_1ff3ndXY6UUe0Hw,,,,,12.8996,80.2209,anonymous,EN,1,2,1,3,6,6,7,4,5,6,6,5,4,5,6,5,4,5,6,5,6,5,3,6,5,6,5,6,7,6,5,6,5,6,5,5,7,6,5,5,6,7,6,5,5,7,6,4,5,6,5,4,6,5,4,5,6,6,5,4,5,6,5,1,1,4
10/31/2022 20:47,10/31/2022 20:48,0,136.185.180.8,100,70,1,10/31/2022 20:48,R_1IXXbRLxAdQ8OY3,,,,,12.9634,77.5855,anonymous,EN,1,2,1,2,6,7,6,7,6,6,7,6,7,6,6,7,6,7,6,7,6,7,6,7,6,7,7,6,7,6,7,6,7,6,7,6,7,6,7,6,7,6,6,7,6,7,7,7,6,7,6,7,6,7,6,7,6,6,7,6,7,7,5,1,2,4
10/31/2022 20:48,10/31/2022 20:49,0,122.178.122.125,100,89,1,10/31/2022 20:49,R_2aqJpxksGyW5Is3,,,,,11.0142,76.9941,anonymous,EN,1,2,2,2,6,5,6,7,6,5,6,5,6,5,5,6,5,6,5,6,5,6,3,5,6,5,6,5,4,5,6,5,5,6,4,5,6,5,6,5,4,6,5,6,5,6,5,6,5,4,5,6,5,6,5,4,5,5,6,5,4,5,5,3,1,4
10/31/2022 20:37,10/31/2022 20:49,0,103.141.50.50,100,762,1,10/31/2022 20:49,R_3NPTjatqBGzVkTg,,,,,11.3458,77.7334,anonymous,EN,1,2,1,2,5,4,5,6,5,4,5,5,5,4,6,5,4,5,4,5,5,4,3,5,5,4,5,6,5,4,5,4,5,6,5,4,5,4,5,6,5,4,4,5,6,5,5,5,4,5,6,4,4,5,6,5,4,6,5,4,5,5,5,1,1,4
10/31/2022 20:42,10/31/2022 20:49,0,117.96.214.138,100,449,1,10/31/2022 20:49,R_2dZ9Amo3fbCfLa1,,,,,9.9327,78.1141,anonymous,EN,1,2,1,2,6,5,5,6,7,6,5,6,7,6,6,5,7,6,5,6,6,5,3,6,5,5,6,5,6,7,6,6,5,6,7,6,5,6,5,6,5,6,6,5,6,5,6,5,6,5,6,7,6,5,6,7,6,6,5,6,7,5,5,6,1,4
10/31/2022 20:49,10/31/2022 20:50,0,122.178.70.78,100,72,1,10/31/2022 20:50,R_2feyptjLIzlqODM,,,,,10.7831,79.1359,anonymous,EN,1,2,2,2,6,7,6,7,6,7,6,7,6,7,6,7,6,7,6,7,6,7,3,6,7,6,7,6,7,6,7,6,7,6,7,6,7,6,7,6,7,6,6,7,6,7,6,7,6,7,6,7,6,7,6,7,6,7,7,6,7,6,5,1,1,4
10/31/2022 20:47,10/31/2022 20:50,0,117.96.214.213,100,193,1,10/31/2022 20:50,R_1ONZQLERlZkYEa2,,,,,9.9327,78.1141,anonymous,EN,1,2,1,2,6,5,6,7,5,6,5,6,5,6,6,5,6,5,6,7,6,5,3,6,7,6,5,6,7,6,5,6,5,6,5,6,7,6,5,6,7,6,6,5,6,5,5,5,6,7,5,6,6,5,6,7,6,5,6,5,6,7,5,6,1,4
10/31/2022 20:50,10/31/2022 20:51,0,122.178.178.22,100,76,1,10/31/2022 20:51,R_x5cE4NhhENbofkt,,,,,11.0142,76.9941,anonymous,EN,1,2,1,2,5,6,5,6,7,5,6,5,6,7,5,6,5,6,5,6,6,7,3,6,5,5,6,5,4,5,6,5,6,5,4,5,5,5,6,5,6,7,5,6,5,4,5,6,5,4,5,6,5,6,5,6,7,5,6,5,5,7,5,3,1,4
10/31/2022 20:50,10/31/2022 20:51,0,117.96.216.71,100,74,1,10/31/2022 20:51,R_3NDmM5tLNe1WxRK,,,,,10.81,78.6932,anonymous,EN,1,2,1,2,7,7,6,7,6,6,7,6,7,6,6,7,7,6,7,6,6,7,3,6,7,7,6,7,7,6,7,6,7,7,7,6,7,7,6,7,7,6,6,6,7,7,7,7,7,7,6,7,6,7,6,7,7,6,7,6,7,6,5,1,1,4
10/31/2022 20:36,10/31/2022 20:52,0,103.141.50.189,100,972,1,10/31/2022 20:52,R_1eJXOqWluFefzV5,,,,,11.3458,77.7334,anonymous,EN,1,2,2,3,6,3,4,3,5,5,6,4,3,4,4,5,4,5,4,5,5,4,3,5,4,4,6,5,4,5,5,5,4,6,4,5,4,5,5,4,5,4,4,5,5,4,4,5,4,5,5,4,6,5,4,5,4,4,5,6,5,3,5,12,1,4
10/31/2022 20:52,10/31/2022 20:53,0,117.96.214.145,100,73,1,10/31/2022 20:53,R_3rezGuIcFTZxpoB,,,,,9.9327,78.1141,anonymous,EN,1,2,1,2,6,7,6,7,6,6,7,6,7,7,6,7,6,7,7,7,6,7,3,6,7,6,7,6,6,7,6,6,7,6,7,6,7,6,7,6,7,6,6,7,6,7,6,7,6,7,6,7,6,7,6,7,6,6,7,6,7,6,5,1,2,4
10/31/2022 20:52,10/31/2022 20:53,0,122.178.76.231,100,89,1,10/31/2022 20:53,R_D36EBCmdRSEOCRz,,,,,12.8996,80.2209,anonymous,EN,1,2,1,2,6,5,6,5,7,5,6,5,4,6,5,5,6,5,6,5,5,6,3,5,6,5,6,5,6,6,5,5,6,5,5,4,6,5,6,5,6,7,5,6,5,4,5,6,5,4,5,6,5,6,5,4,5,5,6,5,4,5,5,12,1,4
10/31/2022 20:53,10/31/2022 20:55,0,223.226.1.52,100,113,1,10/31/2022 20:55,R_3lDK3qsEplwchUf,,,,,9.9327,78.1141,anonymous,EN,1,2,1,2,5,5,6,5,7,5,6,7,5,6,5,5,7,5,6,7,5,6,3,6,5,5,6,5,4,5,7,5,6,5,4,5,6,5,6,5,5,4,5,6,5,4,6,6,5,4,5,6,5,6,5,4,5,5,5,6,7,6,5,4,1,4
10/31/2022 20:48,10/31/2022 20:57,0,122.178.188.46,100,491,1,10/31/2022 20:57,R_1QKlKH80u2uN0xx,,,,,11.1424,77.3422,anonymous,EN,1,2,1,2,5,6,5,7,6,5,6,7,6,5,5,6,5,3,3,3,5,6,3,5,6,5,6,5,6,7,6,5,7,7,6,7,6,5,7,7,6,6,5,6,6,7,5,6,5,6,5,6,5,6,5,6,5,5,6,5,7,7,2,3,1,4
10/31/2022 20:36,10/31/2022 20:57,0,103.163.45.166,100,1236,1,10/31/2022 20:57,R_1Hk6xL37dzZGQge,,,,,10.8527,78.6995,anonymous,EN,1,2,1,2,5,4,5,5,3,5,4,5,5,4,4,5,5,4,5,4,4,5,3,5,6,5,4,4,5,5,4,6,5,4,5,5,4,5,4,5,4,5,4,5,6,5,4,5,6,5,4,5,5,5,4,5,5,5,5,4,4,5,5,12,1,4
10/31/2022 20:58,10/31/2022 21:00,0,61.0.124.217,100,114,1,10/31/2022 21:00,R_2VDCS3I8yTmvIZo,,,,,9.9327,78.1141,anonymous,EN,1,2,1,3,3,4,3,4,3,5,4,5,4,5,4,5,4,5,4,5,2,1,3,2,1,5,4,4,5,4,5,5,4,5,4,5,4,4,3,4,3,4,4,3,4,3,5,4,4,5,4,5,7,5,4,3,2,5,4,3,2,2,5,1,1,4
10/31/2022 21:01,10/31/2022 21:03,0,106.195.43.100,100,137,1,10/31/2022 21:03,R_1mqhCe4foUNkwd8,,,,,9.9327,78.1141,anonymous,EN,1,2,2,2,5,6,6,5,5,6,5,6,6,7,5,6,4,5,5,6,5,6,3,5,6,6,6,7,5,6,5,5,6,5,7,6,6,5,5,6,4,5,6,6,5,7,5,6,5,6,7,5,6,5,7,6,6,6,6,7,5,6,5,6,1,4
10/31/2022 20:58,10/31/2022 21:04,0,49.37.200.186,100,372,1,10/31/2022 21:04,R_2zp8OJxPjoU3QiB,,,,,11.0142,76.9941,anonymous,EN,1,2,1,2,6,5,6,4,5,6,7,6,7,7,6,7,7,6,6,7,6,7,3,6,5,6,7,6,6,7,5,4,5,5,7,6,7,7,6,7,6,6,6,7,6,5,7,6,7,7,6,6,5,7,6,6,4,6,7,5,4,7,5,4,1,4
10/31/2022 21:08,10/31/2022 21:14,0,49.205.86.93,100,358,1,10/31/2022 21:14,R_6W4Gf0NMFDT2l5T,,,,,12.8996,80.2209,anonymous,EN,1,2,1,2,6,4,5,4,5,5,6,5,4,5,5,4,6,7,4,5,3,4,3,4,4,6,7,6,5,6,5,4,5,5,6,5,6,6,5,6,5,5,5,6,6,5,6,4,5,6,7,6,4,6,4,5,3,3,4,3,5,4,5,7,1,4
10/31/2022 20:58,10/31/2022 21:18,0,223.226.5.112,100,1162,1,10/31/2022 21:18,R_1BlsjO99uD5HIQx,,,,,11.0142,76.9941,anonymous,EN,1,2,1,1,6,7,6,5,6,6,5,6,7,6,6,5,6,7,6,5,6,5,3,6,7,6,5,6,7,6,5,6,7,6,5,6,7,6,5,6,7,6,6,5,6,7,6,5,6,7,6,5,6,5,6,7,6,6,5,6,7,5,2,6,2,4
10/31/2022 20:57,10/31/2022 21:45,0,45.118.35.61,100,2896,1,10/31/2022 21:45,R_bdzPlHQZnWL2FFf,,,,,11.3458,77.7334,anonymous,EN,1,2,2,2,6,5,4,5,7,7,6,5,6,5,4,5,7,6,5,6,4,6,3,5,6,4,5,7,6,5,6,4,5,6,5,4,5,4,5,6,6,5,4,5,6,7,6,4,6,5,4,5,4,5,6,5,6,4,5,6,5,6,5,1,1,4
10/31/2022 20:57,10/31/2022 21:57,0,103.57.150.166,100,3632,1,10/31/2022 21:57,R_10w7btr6grcBccB,,,,,21.9974,79.0011,anonymous,EN,1,2,1,2,4,5,5,7,6,6,6,5,4,7,4,5,7,5,4,5,5,6,3,5,6,4,5,6,6,5,6,4,4,6,5,6,5,5,6,7,6,5,4,5,6,7,4,5,6,5,4,6,4,5,6,5,6,4,5,7,6,5,5,12,1,4
11/1/2022 11:58,11/1/2022 12:04,0,45.118.158.9,100,405,1,11/1/2022 12:04,R_2YJKFRj2ec5lVo9,,,,,28.6542,77.2373,anonymous,EN,1,2,1,2,2,2,2,3,3,6,5,6,5,6,2,4,2,2,2,1,5,5,3,4,6,6,5,6,4,4,6,4,4,4,4,3,4,2,2,2,2,2,3,2,6,2,1,1,2,2,4,2,3,2,2,2,2,2,2,2,2,2,5,4,1,4
11/1/2022 11:59,11/1/2022 12:06,0,157.45.195.229,100,389,1,11/1/2022 12:06,R_33xP2ynVcGOPr4f,,,,,12.9634,77.5855,anonymous,EN,1,2,1,3,3,2,1,5,2,7,7,6,6,7,6,7,7,7,5,6,6,6,3,5,7,6,6,7,7,6,7,5,6,5,5,1,2,3,5,2,5,3,3,6,7,3,4,6,5,3,5,6,5,3,3,5,2,3,2,3,2,3,6,1,1,4
11/1/2022 11:59,11/1/2022 12:07,0,122.169.188.228,100,526,1,11/1/2022 12:07,R_25RugCOkIkVbTVQ,,,,,17.411,78.4487,anonymous,EN,1,2,1,2,7,7,3,7,7,7,7,7,7,7,6,6,6,6,7,6,4,5,3,5,7,7,6,7,6,7,7,3,5,6,4,4,4,2,2,2,1,1,2,3,5,3,2,2,2,2,4,2,2,2,2,2,2,2,2,3,2,2,5,4,1,4
11/1/2022 12:03,11/1/2022 12:10,0,157.45.231.85,100,376,1,11/1/2022 12:10,R_1q2mk9VYg2sdESt,,,,,12.9634,77.5855,anonymous,EN,1,2,1,2,4,3,3,5,4,6,7,6,7,7,5,5,6,6,5,4,5,5,3,5,4,7,5,7,7,6,6,4,5,6,4,4,3,3,3,2,2,1,4,3,5,4,4,5,4,5,5,4,4,4,5,3,4,4,4,1,1,1,5,5,6,4
11/1/2022 12:11,11/1/2022 12:16,0,183.83.43.140,100,261,1,11/1/2022 12:16,R_31KHSZSrc7WHrlZ,,,,,26.8756,80.9115,anonymous,EN,1,1,1,2,2,4,1,2,2,5,5,6,6,6,4,5,6,6,5,5,5,5,4,5,5,5,5,4,6,6,6,5,6,5,6,6,5,5,6,5,6,5,5,6,5,6,5,6,5,5,6,5,5,6,5,5,6,2,2,3,2,2,5,13,2,4
11/1/2022 19:47,11/1/2022 19:56,0,59.92.191.106,100,516,1,11/1/2022 19:56,R_2V449zyZempg6SH,,,,,12.8996,80.2209,anonymous,EN,1,2,1,4,6,6,1,6,3,7,7,7,7,7,6,7,6,6,5,6,4,5,3,4,5,7,6,7,7,5,7,6,6,4,5,2,2,2,2,1,2,1,3,2,7,2,1,1,1,2,5,3,4,3,2,4,1,1,2,1,1,1,5,11,1,4
11/1/2022 19:47,11/1/2022 19:56,0,42.104.156.5,100,520,1,11/1/2022 19:56,R_2cwM8YFOCrUztb9,,,,,9.5813,76.5263,anonymous,EN,1,2,1,2,2,2,1,2,3,7,7,7,7,7,6,7,6,6,6,6,2,1,3,1,2,7,7,7,7,5,7,3,4,3,3,2,3,2,2,2,2,1,2,2,6,2,1,1,1,1,4,1,3,3,1,3,1,1,2,2,1,1,6,13,1,4
11/1/2022 19:46,11/1/2022 19:57,0,42.111.16.205,100,645,1,11/1/2022 19:57,R_2UbU0uRGF1USIlq,,,,,28.6542,77.2373,anonymous,EN,1,2,1,2,2,2,1,3,2,6,6,6,6,6,5,5,5,5,5,3,2,3,3,2,3,7,7,7,7,5,5,2,3,3,3,3,3,3,3,3,3,2,3,3,6,3,2,2,2,3,6,3,5,5,3,6,2,1,1,1,1,1,6,9,1,4
11/1/2022 19:56,11/1/2022 19:58,0,122.178.219.156,100,122,1,11/1/2022 19:58,R_3CUungThhGJYeUc,,,,,11.0142,76.9941,anonymous,EN,1,1,1,2,6,7,6,7,7,5,6,6,6,7,5,6,7,6,5,7,6,6,3,7,6,5,6,5,6,5,6,5,6,5,6,7,6,5,6,7,6,5,5,6,7,6,6,7,6,5,6,7,6,7,6,5,6,5,6,7,7,6,5,8,1,4
11/1/2022 19:48,11/1/2022 20:06,0,103.58.65.148,100,1091,1,11/1/2022 20:06,R_1d0s1SCDrWctYMS,,,,,11.6602,78.1532,anonymous,EN,1,2,1,2,5,4,6,4,5,4,5,6,5,5,4,6,5,6,7,5,4,5,3,7,6,4,5,6,7,6,5,4,5,6,7,6,5,4,5,7,6,5,4,5,6,5,4,5,6,5,6,4,4,5,6,7,6,4,5,6,5,4,5,1,1,4
11/1/2022 20:29,11/1/2022 20:35,0,117.217.180.184,100,373,1,11/1/2022 20:35,R_z5WBkB2oLJ9MErD,,,,,11.485,77.4989,anonymous,EN,1,2,1,2,4,5,1,4,2,5,6,6,6,7,5,5,6,6,5,6,4,5,3,6,5,6,5,7,5,4,5,4,5,5,6,5,5,4,3,2,3,2,4,5,6,4,5,5,4,4,5,5,4,3,3,5,4,4,3,3,2,3,5,6,1,4
11/1/2022 20:27,11/1/2022 20:35,0,106.197.92.174,100,530,1,11/1/2022 20:35,R_3iQCFP0NYyP3ZZW,,,,,11.0142,76.9941,anonymous,EN,1,2,1,3,7,6,7,7,5,7,6,6,7,5,7,7,6,6,7,6,2,3,3,2,3,7,5,6,6,6,7,6,5,6,5,5,4,6,5,3,5,5,2,6,7,3,2,6,5,6,5,6,6,5,2,6,2,1,2,2,1,2,5,12,1,4
11/1/2022 20:27,11/1/2022 20:38,0,220.158.140.46,100,640,1,11/1/2022 20:38,R_2AF1zcShipERpgD,,,,,11.1424,77.3422,anonymous,EN,1,2,1,2,5,4,6,3,4,6,7,5,4,7,6,3,6,5,6,4,4,5,3,5,6,6,5,4,6,6,5,6,5,3,2,5,4,5,6,5,4,5,4,7,6,5,6,5,6,4,6,7,4,6,2,6,7,4,6,2,3,5,5,4,1,4
11/1/2022 20:27,11/1/2022 20:38,0,49.204.162.164,100,636,1,11/1/2022 20:38,R_1q8LOAW3qyl1yph,,,,,26.9525,75.7105,anonymous,EN,1,2,1,3,6,6,3,4,5,7,7,6,7,7,4,5,4,5,3,4,4,6,3,5,6,7,4,6,6,4,6,2,5,5,6,6,5,3,3,3,1,2,3,5,7,4,3,5,5,4,6,4,5,3,2,2,3,3,2,3,3,2,5,5,1,4
11/1/2022 20:27,11/1/2022 20:38,0,103.242.239.29,100,674,1,11/1/2022 20:38,R_3fObnMVBHdpHsDe,,,,,11.1424,77.3422,anonymous,EN,1,2,1,2,5,4,6,3,4,6,7,4,5,7,6,4,4,6,5,5,6,4,3,4,5,6,5,5,7,4,5,6,5,4,3,5,4,6,4,5,7,6,4,6,5,6,6,5,7,6,4,5,6,7,2,4,6,6,5,3,4,3,5,5,1,4
11/1/2022 21:07,11/1/2022 21:10,0,49.204.140.190,100,212,1,11/1/2022 21:10,R_xcplYGyZHAASc01,,,,,12.8996,80.2209,anonymous,EN,1,2,2,3,5,4,5,4,5,5,6,5,6,5,5,6,5,6,5,6,5,6,3,5,6,5,6,5,4,5,6,5,6,5,4,5,6,5,6,6,5,4,5,6,7,6,5,4,5,4,7,4,3,6,3,7,3,4,5,4,2,4,5,6,1,4
11/1/2022 21:10,11/1/2022 21:14,0,49.204.140.190,100,206,1,11/1/2022 21:14,R_2v7ckz1jXJmFhTU,,,,,12.8996,80.2209,anonymous,EN,1,2,2,3,5,6,5,4,5,5,6,5,4,5,5,6,5,6,5,5,5,6,3,5,5,5,6,6,4,5,5,5,4,5,5,4,5,5,6,6,5,4,5,6,5,6,5,6,5,6,6,4,4,6,3,5,2,4,6,2,2,5,5,8,1,4
11/1/2022 21:07,11/1/2022 21:16,0,220.158.140.61,100,501,1,11/1/2022 21:16,R_1nT0TPos0lVfQSh,,,,,11.1424,77.3422,anonymous,EN,1,2,1,2,6,2,4,6,4,6,7,7,7,7,6,5,4,5,6,4,5,6,3,4,6,5,6,5,6,4,6,3,5,2,4,6,4,5,7,6,5,7,4,6,7,5,4,6,5,6,4,6,2,5,2,5,4,2,1,2,1,2,5,4,1,4
11/1/2022 21:08,11/1/2022 21:17,0,157.51.129.242,100,595,1,11/1/2022 21:17,R_2whRoWUcmMztfcT,,,,,12.8996,80.2209,anonymous,EN,1,2,1,2,6,1,6,1,2,7,7,6,7,6,7,6,7,7,6,7,6,2,3,1,6,7,2,4,6,7,6,7,6,7,7,6,1,7,6,1,6,7,6,7,7,6,7,6,7,7,1,6,1,6,7,7,4,6,7,1,6,1,5,1,1,4
11/1/2022 21:14,11/1/2022 21:18,0,49.204.140.190,100,234,1,11/1/2022 21:18,R_2xx6DsC2VuBfMqW,,,,,12.8996,80.2209,anonymous,EN,1,2,2,3,5,4,5,6,4,5,4,6,5,5,5,6,5,4,5,5,6,5,3,5,5,5,6,6,5,6,5,6,5,6,5,5,6,5,6,2,5,5,5,6,7,6,5,6,5,5,7,5,4,5,2,6,2,3,4,2,2,4,5,8,1,4
10/31/2022 20:28,10/31/2022 20:28,0,115.187.52.206,21,23,0,11/7/2022 19:28,R_1qUlQbTWy2fBDhm,,,,,,,anonymous,EN,1,2,2,1,,,,,,,,,,,,,,,,,,,,,,,,,,,,,,,,,,,,,,,,,,,,,,,,,,,,,,,,,,,,,,
10/31/2022 20:28,10/31/2022 20:29,0,122.161.250.129,42,52,0,11/7/2022 19:29,R_2WGVsdfzbG9LFpv,,,,,,,anonymous,EN,1,2,1,2,5,6,5,6,5,5,6,7,6,5,5,6,7,6,5,6,5,6,1,5,6,,,,,,,,,,,,,,,,,,,,,,,,,,,,,,,,,,,,,,,,,
10/31/2022 20:29,10/31/2022 20:30,0,122.161.250.129,53,51,0,11/7/2022 19:30,R_3fMOeAVFzpK2znl,,,,,,,anonymous,EN,1,2,1,2,5,6,5,6,5,5,6,5,7,5,5,6,5,4,5,6,5,6,3,6,7,5,6,5,4,5,6,5,6,5,6,5,6,,,,,,,,,,,,,,,,,,,,,,,,,,,,,
10/31/2022 20:31,10/31/2022 20:33,0,117.222.133.57,53,111,0,11/7/2022 19:33,R_2Vmy93tenNhX2rb,,,,,,,anonymous,EN,1,2,1,2,5,6,7,6,7,5,6,7,6,5,5,6,7,6,6,7,5,6,7,6,6,5,6,7,6,5,6,5,6,7,6,5,6,,,,,,,,,,,,,,,,,,,,,,,,,,,,,
10/31/2022 20:43,10/31/2022 20:44,0,136.185.181.140,53,52,0,11/7/2022 19:44,R_3eaUbTJRE9wpuTY,,,,,,,anonymous,EN,1,2,1,2,7,6,7,6,7,6,7,6,6,7,6,7,6,7,6,7,6,7,6,6,7,6,7,6,7,6,7,6,7,6,7,7,7,,,,,,,,,,,,,,,,,,,,,,,,,,,,,
10/31/2022 20:40,10/31/2022 20:45,0,106.205.78.209,95,297,0,11/7/2022 19:45,R_1dc9ul9pRelHHQw,,,,,,,anonymous,EN,1,2,1,2,5,6,5,6,5,5,5,5,6,5,5,6,5,6,5,6,5,6,5,6,5,5,6,5,6,5,6,5,6,5,6,5,6,5,6,5,6,5,5,6,5,6,5,6,5,6,5,6,5,6,5,6,5,5,6,5,6,5,5,12,1,
10/31/2022 20:39,10/31/2022 20:47,0,122.178.243.129,95,519,0,11/7/2022 19:47,R_0wvGeSlVuMXKU5H,,,,,,,anonymous,EN,1,2,1,2,5,6,6,7,6,5,7,5,6,7,5,6,7,6,6,5,5,6,3,6,6,5,6,5,6,5,7,5,6,5,7,6,5,5,6,5,7,6,5,7,6,6,5,6,6,5,6,5,5,6,6,6,5,5,6,5,6,6,5,12,1,
10/31/2022 20:48,10/31/2022 20:48,0,122.178.188.46,16,18,0,11/7/2022 19:48,R_1C9nC7CQZhi0hOf,,,,,,,anonymous,EN,1,2,2,,,,,,,,,,,,,,,,,,,,,,,,,,,,,,,,,,,,,,,,,,,,,,,,,,,,,,,,,,,,,,,
10/31/2022 20:48,10/31/2022 20:49,0,106.205.114.205,95,101,0,11/7/2022 19:49,R_2dQ0TIDMhN20rCh,,,,,,,anonymous,EN,1,2,1,3,5,6,5,6,5,5,6,5,6,5,5,6,5,6,5,6,5,6,5,6,5,5,6,5,6,5,6,5,6,5,6,5,6,5,6,5,6,5,5,6,5,6,5,6,5,6,5,6,5,6,5,6,5,5,6,5,6,5,5,1,1,
10/31/2022 20:37,10/31/2022 20:52,0,122.178.221.223,95,907,0,11/7/2022 19:52,R_2y1JONtJJHIP5XZ,,,,,,,anonymous,EN,1,2,1,3,5,6,5,6,5,5,6,5,6,5,5,6,5,6,5,6,5,6,5,6,5,5,6,5,6,5,6,5,6,5,6,5,6,5,6,5,6,5,5,6,5,6,5,6,5,6,5,6,5,6,5,6,5,5,6,5,6,5,6,12,1,
10/31/2022 20:39,10/31/2022 20:53,0,122.173.238.244,95,821,0,11/7/2022 19:53,R_238lSi5SwTD6Ouh,,,,,,,anonymous,EN,1,2,1,3,5,6,5,6,5,5,6,5,6,5,5,6,5,6,5,6,5,6,5,6,5,5,6,5,6,5,6,5,6,5,6,5,6,5,6,5,6,5,5,6,5,6,5,6,5,6,5,6,5,6,5,6,5,5,6,5,6,5,5,12,1,
10/31/2022 20:58,10/31/2022 21:12,0,47.31.96.124,21,841,0,11/7/2022 20:12,R_125TWVgilXkbRde,,,,,,,anonymous,EN,1,2,1,4,,,,,,,,,,,,,,,,,,,,,,,,,,,,,,,,,,,,,,,,,,,,,,,,,,,,,,,,,,,,,,
10/31/2022 20:28,10/31/2022 22:11,0,45.118.35.38,95,6225,0,11/7/2022 21:12,R_1f49t7Cakido0e7,,,,,,,anonymous,EN,1,2,1,2,6,5,4,5,6,4,5,5,4,5,5,4,5,6,5,4,5,4,3,5,6,4,5,5,4,4,5,4,5,5,4,5,4,4,5,5,4,4,4,5,5,4,4,5,6,5,4,5,4,5,5,4,5,4,5,6,5,4,5,12,1,
